주문번호,제품번호,단가,주문수량,할인율,주문세부번호
H0248,11,1400,12,0,1
H0248,42,1000,10,0,2
H0248,72,3500,5,0,3
H0249,14,1900,9,0,4
H0249,51,4200,40,0,5
H0250,41,800,10,0,6
H0250,51,4200,35,0.15,7
H0250,65,1700,15,0.15,8
H0251,22,1700,6,0.05,9
H0251,57,1600,15,0.05,10
H0251,65,1700,20,0,11
H0252,20,6500,40,0.05,12
H0252,33,200,25,0.05,13
H0252,60,2700,40,0,14
H0253,31,1000,20,0,15
H0253,39,1400,42,0,16
H0253,49,1600,40,0,17
H0254,24,400,15,0.15,18
H0254,55,1900,21,0.15,19
H0254,74,800,21,0,20
H0255,2,1500,20,0,21
H0255,16,1400,35,0,22
H0255,36,1500,25,0,23
H0255,59,4400,30,0,24
H0256,53,2600,15,0,25
H0256,77,1000,12,0,26
H0257,27,3500,25,0,27
H0257,39,1400,6,0,28
H0257,77,1000,15,0,29
H0258,2,1500,50,0.2,30
H0258,5,1700,65,0.2,31
H0258,32,2600,6,0.2,32
H0259,21,800,10,0,33
H0259,37,2100,1,0,34
H0260,41,800,16,0.25,35
H0260,57,1600,50,0,36
H0260,62,3900,15,0.25,37
H0260,70,1200,21,0.25,38
H0261,21,800,20,0,39
H0261,35,1400,20,0,40
H0262,5,1700,12,0.2,41
H0262,7,2400,15,0,42
H0262,56,3000,2,0,43
H0263,16,1400,60,0.25,44
H0263,24,400,28,0,45
H0263,30,2100,60,0.25,46
H0263,74,800,36,0.25,47
H0264,2,1500,35,0,48
H0264,41,800,25,0.15,49
H0265,17,3100,30,0,50
H0265,70,1200,20,0,51
H0266,12,3000,12,0.05,52
H0267,40,1500,50,0,53
H0267,59,4400,70,0.15,54
H0267,76,1400,15,0.15,55
H0268,29,9900,10,0,56
H0268,72,2800,4,0,57
H0269,33,200,60,0.05,58
H0269,72,2800,20,0.05,59
H0270,36,1500,30,0,60
H0270,43,3700,25,0,61
H0271,33,200,24,0,62
H0272,20,6500,6,0,63
H0272,31,1000,40,0,64
H0272,72,2800,24,0,65
H0273,10,2500,24,0.05,66
H0273,31,1000,15,0.05,67
H0273,33,200,20,0,68
H0273,40,1500,60,0.05,69
H0273,76,1400,33,0.05,70
H0274,71,1700,20,0,71
H0274,72,2800,7,0,72
H0275,24,400,12,0.05,73
H0275,59,4400,6,0.05,74
H0276,10,2500,15,0,75
H0276,13,500,10,0,76
H0277,28,3600,20,0,77
H0277,62,3900,12,0,78
H0278,44,1600,16,0,79
H0278,59,4400,15,0,80
H0278,63,3500,8,0,81
H0278,73,1200,25,0,82
H0279,17,3100,15,0.25,83
H0280,24,400,12,0,84
H0280,55,1900,20,0,85
H0280,75,600,30,0,86
H0281,19,700,1,0,87
H0281,24,400,6,0,88
H0281,35,1400,4,0,89
H0282,30,2100,6,0,90
H0282,57,1600,2,0,91
H0283,15,1200,20,0,92
H0283,19,700,18,0,93
H0283,60,2700,35,0,94
H0283,72,2800,3,0,95
H0284,27,3500,15,0.25,96
H0284,44,1600,21,0,97
H0284,60,2700,20,0.25,98
H0284,67,1100,5,0.25,99
H0285,1,1400,45,0.2,100
H0285,40,1500,40,0.2,101
H0285,53,2600,36,0.2,102
H0286,35,1400,100,0,103
H0286,62,3900,40,0,104
H0287,16,1400,40,0.15,105
H0287,34,1100,20,0,106
H0287,46,1000,15,0.15,107
H0288,54,600,10,0.1,108
H0288,68,1000,3,0.1,109
H0289,3,800,30,0,110
H0289,64,2700,9,0,111
H0290,5,1700,20,0,112
H0290,29,9900,15,0,113
H0290,49,1600,15,0,114
H0290,77,1000,10,0,115
H0291,13,500,20,0.1,116
H0291,44,1600,24,0.1,117
H0291,51,4200,2,0.1,118
H0292,20,6500,20,0,119
H0293,18,5000,12,0,120
H0293,24,400,10,0,121
H0293,63,3500,5,0,122
H0293,75,600,6,0,123
H0294,1,1400,18,0,124
H0294,17,3100,15,0,125
H0294,43,3700,15,0,126
H0294,60,2700,21,0,127
H0294,75,600,6,0,128
H0295,56,3000,4,0,129
H0296,11,1700,12,0,130
H0296,16,1400,30,0,131
H0296,69,2900,15,0,132
H0297,39,1400,60,0,133
H0297,72,2800,20,0,134
H0298,2,1500,40,0,135
H0298,36,1500,40,0.25,136
H0298,59,4400,30,0.25,137
H0298,62,3900,15,0,138
H0299,19,700,15,0,139
H0299,70,1200,20,0,140
H0300,66,1400,30,0,141
H0300,68,1000,20,0,142
H0301,40,1500,10,0,143
H0301,56,3000,20,0,144
H0302,17,3100,40,0,145
H0302,28,3600,28,0,146
H0302,43,3700,12,0,147
H0303,40,1500,40,0.1,148
H0303,65,1700,30,0.1,149
H0303,68,1000,15,0.1,150
H0304,49,1600,30,0,151
H0304,59,4400,10,0,152
H0304,71,1700,2,0,153
H0305,18,5000,25,0.1,154
H0305,29,9900,25,0.1,155
H0305,39,1400,30,0.1,156
H0306,30,2100,10,0,157
H0306,53,2600,10,0,158
H0306,54,600,5,0,159
H0307,62,3900,10,0,160
H0307,68,1000,3,0,161
H0308,69,2900,1,0,162
H0308,70,1200,5,0,163
H0309,4,1800,20,0,164
H0309,6,2000,30,0,165
H0309,42,1100,2,0,166
H0309,43,3700,20,0,167
H0309,71,1700,3,0,168
H0310,16,1400,10,0,169
H0310,62,3900,5,0,170
H0311,42,1100,6,0,171
H0311,69,2900,7,0,172
H0312,28,3600,4,0,173
H0312,43,3700,24,0,174
H0312,53,2600,20,0,175
H0312,75,600,10,0,176
H0313,36,1500,12,0,177
H0314,32,2600,40,0.1,178
H0314,58,1100,30,0.1,179
H0314,62,3900,25,0.1,180
H0315,34,1100,14,0,181
H0315,70,1200,30,0,182
H0316,41,800,10,0,183
H0316,62,3900,70,0,184
H0317,1,1400,20,0,185
H0318,41,800,20,0,186
H0318,76,1400,6,0,187
H0319,17,3100,8,0,188
H0319,28,3600,14,0,189
H0319,76,1400,30,0,190
H0320,71,1700,30,0,191
H0321,35,1400,10,0,192
H0322,52,600,20,0,193
H0323,15,1200,5,0,194
H0323,25,1100,4,0,195
H0323,39,1400,4,0,196
H0324,16,1400,21,0.15,197
H0324,35,1400,70,0.15,198
H0324,46,1000,30,0,199
H0324,59,4400,40,0.15,200
H0324,63,3500,80,0.15,201
H0325,6,2000,6,0,202
H0325,13,500,12,0,203
H0325,14,1900,9,0,204
H0325,31,1000,4,0,205
H0325,72,2800,40,0,206
H0326,4,1800,24,0,207
H0326,57,1600,16,0,208
H0326,75,600,50,0,209
H0327,2,1500,25,0.2,210
H0327,11,1700,50,0.2,211
H0327,30,2100,35,0.2,212
H0327,58,1100,30,0.2,213
H0328,59,4400,9,0,214
H0328,65,1700,40,0,215
H0328,68,1000,10,0,216
H0329,19,700,10,0.05,217
H0329,30,2100,8,0.05,218
H0329,38,21100,20,0.05,219
H0329,56,3000,12,0.05,220
H0330,26,2500,50,0.15,221
H0330,72,2800,25,0.15,222
H0331,54,600,15,0,223
H0332,18,5000,40,0.2,224
H0332,42,1100,10,0.2,225
H0332,47,800,16,0.2,226
H0333,14,1900,10,0,227
H0333,21,800,10,0.1,228
H0333,71,1700,40,0.1,229
H0334,52,600,8,0,230
H0334,68,1000,10,0,231
H0335,2,1500,7,0.2,232
H0335,31,1000,25,0.2,233
H0335,32,2600,6,0.2,234
H0335,51,4200,48,0.2,235
H0336,4,1800,18,0.1,236
H0337,23,700,40,0,237
H0337,26,2500,24,0,238
H0337,36,1500,20,0,239
H0337,37,2100,28,0,240
H0337,72,2800,25,0,241
H0338,17,3100,20,0,242
H0338,30,2100,15,0,243
H0339,4,1800,10,0,244
H0339,17,3100,70,0.05,245
H0339,62,3900,28,0,246
H0340,18,5000,20,0.05,247
H0340,41,800,12,0.05,248
H0340,43,3700,40,0.05,249
H0341,33,200,8,0,250
H0341,59,4400,9,0.15,251
H0342,2,1500,24,0.2,252
H0342,31,1000,56,0.2,253
H0342,36,1500,40,0.2,254
H0342,55,1900,40,0.2,255
H0343,64,2700,50,0,256
H0343,68,1000,4,0.05,257
H0343,76,1400,15,0,258
H0344,4,1800,35,0,259
H0344,8,3200,70,0.25,260
H0345,8,3200,70,0,261
H0345,19,700,80,0,262
H0345,42,1100,9,0,263
H0346,17,3100,36,0.1,264
H0346,56,3000,20,0,265
H0347,25,1100,10,0,266
H0347,39,1400,50,0.15,267
H0347,40,1500,4,0,268
H0347,75,600,6,0.15,269
H0348,1,1400,15,0.15,270
H0348,23,700,25,0,271
H0349,54,600,24,0,272
H0350,50,1300,15,0.1,273
H0350,69,2900,18,0.1,274
H0351,38,21100,20,0.05,275
H0351,41,800,13,0,276
H0351,44,1600,77,0.05,277
H0351,65,1700,10,0.05,278
H0352,24,400,10,0,279
H0352,54,600,20,0.15,280
H0353,11,1700,12,0.2,281
H0353,38,21100,50,0.2,282
H0354,1,1400,12,0,283
H0354,29,9900,4,0,284
H0355,24,400,25,0,285
H0355,57,1600,25,0,286
H0356,31,1000,30,0,287
H0356,55,1900,12,0,288
H0356,69,2900,20,0,289
H0357,10,2500,30,0.2,290
H0357,26,2500,16,0,291
H0357,60,2700,8,0.2,292
H0358,24,400,10,0.05,293
H0358,34,1100,10,0.05,294
H0358,36,1500,20,0.05,295
H0359,16,1400,56,0.05,296
H0359,31,1000,70,0.05,297
H0359,60,2700,80,0.05,298
H0360,28,3600,30,0,299
H0360,29,9900,35,0,300
H0360,38,21100,10,0,301
H0360,49,1600,35,0,302
H0360,54,600,28,0,303
H0361,39,1400,54,0.1,304
H0361,60,2700,55,0.1,305
H0362,25,1100,50,0,306
H0362,51,4200,20,0,307
H0362,54,600,24,0,308
H0363,31,1000,20,0,309
H0363,75,600,12,0,310
H0363,76,1400,12,0,311
H0364,69,2900,30,0,312
H0364,71,1700,5,0,313
H0365,11,1700,24,0,314
H0366,65,1700,5,0,315
H0366,77,1000,5,0,316
H0367,34,1100,36,0,317
H0367,54,600,18,0,318
H0367,65,1700,15,0,319
H0367,77,1000,7,0,320
H0368,21,800,5,0.1,321
H0368,28,3600,13,0.1,322
H0368,57,1600,25,0,323
H0368,64,2700,35,0.1,324
H0369,29,9900,20,0,325
H0369,56,3000,18,0.25,326
H0370,1,1400,15,0.15,327
H0370,64,2700,30,0,328
H0370,74,800,20,0.15,329
H0371,36,1500,6,0.2,330
H0372,20,6500,12,0.25,331
H0372,38,21100,40,0.25,332
H0372,60,2700,70,0.25,333
H0372,72,2800,42,0.25,334
H0373,58,1100,80,0.2,335
H0373,71,1700,50,0.2,336
H0374,31,1000,30,0,337
H0374,58,1100,15,0,338
H0375,14,1900,15,0,339
H0375,54,600,10,0,340
H0376,31,1000,42,0.05,341
H0377,28,3600,20,0.15,342
H0377,39,1400,20,0.15,343
H0378,71,1700,6,0,344
H0379,41,800,8,0.1,345
H0379,63,3500,16,0.1,346
H0379,65,1700,20,0.1,347
H0380,30,2100,18,0.1,348
H0380,53,2600,20,0.1,349
H0380,60,2700,6,0.1,350
H0380,70,1200,30,0,351
H0381,74,800,14,0,352
H0382,5,1700,32,0,353
H0382,18,5000,9,0,354
H0382,29,9900,14,0,355
H0382,33,200,60,0,356
H0382,74,800,50,0,357
H0383,13,500,20,0,358
H0383,50,1300,15,0,359
H0383,56,3000,20,0,360
H0384,20,6500,28,0,361
H0384,60,2700,15,0,362
H0385,7,2400,10,0.2,363
H0385,60,2700,20,0.2,364
H0385,68,1000,8,0.2,365
H0386,24,400,15,0,366
H0386,34,1100,10,0,367
H0387,24,400,15,0,368
H0387,28,3600,6,0,369
H0387,59,4400,12,0,370
H0387,71,1700,15,0,371
H0388,45,800,15,0.2,372
H0388,52,600,20,0.2,373
H0388,53,2600,40,0,374
H0389,10,2500,16,0,375
H0389,55,1900,15,0,376
H0389,62,3900,20,0,377
H0389,70,1200,30,0,378
H0390,31,1000,60,0.1,379
H0390,35,1400,40,0.1,380
H0390,46,1000,45,0,381
H0390,72,2800,24,0.1,382
H0391,13,500,18,0,383
H0392,69,2900,50,0,384
H0393,2,1500,25,0.25,385
H0393,14,1900,42,0.25,386
H0393,25,1100,7,0.25,387
H0393,26,2500,70,0.25,388
H0393,31,1000,32,0,389
H0394,13,500,10,0,390
H0394,62,3900,10,0,391
H0395,46,1000,28,0.1,392
H0395,53,2600,70,0.1,393
H0395,69,2900,8,0,394
H0396,23,700,40,0,395
H0396,71,1700,60,0,396
H0396,72,2800,21,0,397
H0397,21,800,10,0.15,398
H0397,51,4200,18,0.15,399
H0398,35,1400,30,0,400
H0398,55,1900,120,0.1,401
H0399,68,1000,60,0,402
H0399,71,1700,30,0,403
H0399,76,1400,35,0,404
H0399,77,1000,14,0,405
H0400,29,9900,21,0,406
H0400,35,1400,35,0,407
H0400,49,1600,30,0,408
H0401,30,2100,18,0,409
H0401,56,3000,70,0,410
H0401,65,1700,20,0,411
H0401,71,1700,60,0,412
H0402,23,700,60,0,413
H0402,63,3500,65,0,414
H0403,16,1400,21,0.15,415
H0403,48,1000,70,0.15,416
H0404,26,2500,30,0.05,417
H0404,42,1100,40,0.05,418
H0404,49,1600,30,0.05,419
H0405,3,800,50,0,420
H0406,1,1400,10,0,421
H0406,21,800,30,0.1,422
H0406,28,3600,42,0.1,423
H0406,36,1500,5,0.1,424
H0406,40,1500,2,0.1,425
H0407,11,1700,30,0,426
H0407,69,2900,15,0,427
H0407,71,1700,15,0,428
H0408,37,2100,10,0,429
H0408,54,600,6,0,430
H0408,62,3900,35,0,431
H0409,14,1900,12,0,432
H0409,21,800,12,0,433
H0410,33,200,49,0,434
H0410,59,4400,16,0,435
H0411,41,800,25,0.2,436
H0411,44,1600,40,0.2,437
H0411,59,4400,9,0.2,438
H0412,14,1900,20,0.1,439
H0413,1,1400,24,0,440
H0413,62,3900,40,0,441
H0413,76,1400,14,0,442
H0414,19,700,18,0.05,443
H0414,33,200,50,0,444
H0415,17,3100,2,0,445
H0415,33,200,20,0,446
H0416,19,700,20,0,447
H0416,53,2600,10,0,448
H0416,57,1600,20,0,449
H0417,38,21100,50,0,450
H0417,46,1000,2,0.25,451
H0417,68,1000,36,0.25,452
H0417,77,1000,35,0,453
H0418,2,1500,60,0,454
H0418,47,800,55,0,455
H0418,61,2300,16,0,456
H0418,74,800,15,0,457
H0419,60,2700,60,0.05,458
H0419,69,2900,20,0.05,459
H0420,9,7800,20,0.1,460
H0420,13,500,2,0.1,461
H0420,70,1200,8,0.1,462
H0420,73,1200,20,0.1,463
H0421,19,700,4,0.15,464
H0421,26,2500,30,0,465
H0421,53,2600,15,0.15,466
H0421,77,1000,10,0.15,467
H0422,26,2500,2,0,468
H0423,31,1000,14,0,469
H0423,59,4400,20,0,470
H0424,35,1400,60,0.2,471
H0424,38,21100,49,0.2,472
H0424,68,1000,30,0.2,473
H0425,55,1900,10,0.25,474
H0425,76,1400,20,0.25,475
H0426,56,3000,5,0,476
H0426,64,2700,7,0,477
H0427,14,1900,35,0,478
H0428,46,1000,20,0,479
H0429,50,1300,40,0,480
H0429,63,3500,35,0.25,481
H0430,17,3100,45,0.2,482
H0430,21,800,50,0,483
H0430,56,3000,30,0,484
H0430,59,4400,70,0.2,485
H0431,17,3100,50,0.25,486
H0431,40,1500,50,0.25,487
H0431,47,800,30,0.25,488
H0432,26,2500,10,0,489
H0432,54,600,40,0,490
H0433,56,3000,28,0,491
H0434,11,1700,6,0,492
H0434,76,1400,18,0.15,493
H0435,2,1500,10,0,494
H0435,22,1700,12,0,495
H0435,72,2800,10,0,496
H0436,46,1000,5,0,497
H0436,56,3000,40,0.1,498
H0436,64,2700,30,0.1,499
H0436,75,600,24,0.1,500
H0437,53,2600,15,0,501
H0438,19,700,15,0.2,502
H0438,34,1100,20,0.2,503
H0438,57,1600,15,0.2,504
H0439,12,3000,15,0,505
H0439,16,1400,16,0,506
H0439,64,2700,6,0,507
H0439,74,800,30,0,508
H0440,2,1500,45,0.15,509
H0440,16,1400,49,0.15,510
H0440,29,9900,24,0.15,511
H0440,61,2300,90,0.15,512
H0441,27,3500,50,0,513
H0442,11,1700,30,0,514
H0442,54,600,80,0,515
H0442,66,1400,60,0,516
H0443,11,1700,6,0.2,517
H0443,28,3600,12,0,518
H0444,17,3100,10,0,519
H0444,26,2500,15,0,520
H0444,35,1400,8,0,521
H0444,41,800,30,0,522
H0445,39,1400,6,0,523
H0445,54,600,15,0,524
H0446,19,700,12,0.1,525
H0446,24,400,20,0.1,526
H0446,31,1000,3,0.1,527
H0446,52,600,15,0.1,528
H0447,19,700,40,0,529
H0447,65,1700,35,0,530
H0447,71,1700,2,0,531
H0448,26,2500,6,0,532
H0448,40,1500,20,0,533
H0449,10,2500,14,0,534
H0449,52,600,20,0,535
H0449,62,3900,35,0,536
H0450,10,2500,20,0.2,537
H0450,54,600,6,0.2,538
H0451,55,1900,120,0.1,539
H0451,64,2700,35,0.1,540
H0451,65,1700,28,0.1,541
H0451,77,1000,55,0.1,542
H0452,28,3600,15,0,543
H0452,44,1600,100,0.05,544
H0453,48,1000,15,0.1,545
H0453,70,1200,25,0.1,546
H0454,16,1400,20,0.2,547
H0454,33,200,20,0.2,548
H0454,46,1000,10,0.2,549
H0455,39,1400,20,0,550
H0455,53,2600,50,0,551
H0455,61,2300,25,0,552
H0455,71,1700,30,0,553
H0456,21,800,40,0.15,554
H0456,49,1600,21,0.15,555
H0457,59,4400,36,0,556
H0458,26,2500,30,0,557
H0458,28,3600,30,0,558
H0458,43,3700,20,0,559
H0458,56,3000,15,0,560
H0458,71,1700,50,0,561
H0459,7,2400,16,0.05,562
H0459,46,1000,20,0.05,563
H0459,72,2800,40,0,564
H0460,68,1000,21,0.25,565
H0460,75,600,4,0.25,566
H0461,21,800,40,0.25,567
H0461,30,2100,28,0.25,568
H0461,55,1900,60,0.25,569
H0462,13,500,1,0,570
H0462,23,700,21,0,571
H0463,19,700,21,0,572
H0463,42,1100,50,0,573
H0464,4,1800,16,0.2,574
H0464,43,3700,3,0,575
H0464,56,3000,30,0.2,576
H0464,60,2700,20,0,577
H0465,24,400,25,0,578
H0465,29,9900,18,0.1,579
H0465,40,1500,20,0,580
H0465,45,800,30,0.1,581
H0465,50,1300,25,0,582
H0466,11,1700,10,0,583
H0466,46,1000,5,0,584
H0467,24,400,28,0,585
H0467,25,1100,12,0,586
H0468,30,2100,8,0,587
H0468,43,3700,15,0,588
H0469,2,1500,40,0.15,589
H0469,16,1400,35,0.15,590
H0469,44,1600,2,0.15,591
H0470,18,5000,30,0,592
H0470,23,700,15,0,593
H0470,64,2700,8,0,594
H0471,7,2400,30,0,595
H0471,56,3000,20,0,596
H0472,24,400,80,0.05,597
H0472,51,4200,18,0,598
H0473,33,200,12,0,599
H0473,71,1700,12,0,600
H0474,14,1900,12,0,601
H0474,28,3600,18,0,602
H0474,40,1500,21,0,603
H0474,75,600,10,0,604
H0475,31,1000,35,0.15,605
H0475,66,1400,60,0.15,606
H0475,76,1400,42,0.15,607
H0476,55,1900,2,0.05,608
H0476,70,1200,12,0,609
H0477,1,1400,15,0,610
H0477,21,800,21,0.25,611
H0477,39,1400,20,0.25,612
H0478,10,2500,20,0.05,613
H0479,38,21100,30,0,614
H0479,53,2600,28,0,615
H0479,59,4400,60,0,616
H0479,64,2700,30,0,617
H0480,47,800,30,0,618
H0480,59,4400,12,0,619
H0481,49,1600,24,0,620
H0481,60,2700,40,0,621
H0482,40,1500,10,0,622
H0483,34,1100,35,0.05,623
H0483,77,1000,30,0.05,624
H0484,21,800,14,0,625
H0484,40,1500,10,0,626
H0484,51,4200,3,0,627
H0485,2,1500,20,0.1,628
H0485,3,800,20,0.1,629
H0485,55,1900,30,0.1,630
H0485,70,1200,60,0.1,631
H0486,11,1700,5,0,632
H0486,51,4200,25,0,633
H0486,74,800,16,0,634
H0487,19,700,5,0,635
H0487,26,2500,30,0,636
H0487,54,600,24,0.25,637
H0488,59,4400,30,0,638
H0488,73,1200,20,0.2,639
H0489,11,1700,15,0.25,640
H0489,16,1400,18,0,641
H0490,59,4400,60,0,642
H0490,68,1000,30,0,643
H0490,75,600,36,0,644
H0491,44,1600,15,0.15,645
H0491,77,1000,7,0.15,646
H0492,25,1100,60,0.05,647
H0492,42,1100,20,0.05,648
H0493,65,1700,15,0.1,649
H0493,66,1400,10,0.1,650
H0493,69,2900,10,0.1,651
H0494,56,3000,30,0,652
H0495,23,700,10,0,653
H0495,41,800,20,0,654
H0495,77,1000,5,0,655
H0496,31,1000,20,0.05,656
H0497,56,3000,14,0,657
H0497,72,2800,25,0,658
H0497,77,1000,25,0,659
H0498,24,500,14,0,660
H0498,40,1800,5,0,661
H0498,42,1400,30,0,662
H0499,28,4600,20,0,663
H0499,49,2000,25,0,664
H0500,15,1600,12,0.05,665
H0500,28,4600,8,0.05,666
H0501,54,700,20,0,667
H0502,45,1000,21,0,668
H0502,53,3300,6,0,669
H0502,67,1400,30,0,670
H0503,14,2300,70,0,671
H0503,65,2100,20,0,672
H0504,2,1900,12,0,673
H0504,21,1000,12,0,674
H0504,53,3300,10,0,675
H0504,61,2900,25,0,676
H0505,62,4900,3,0,677
H0506,25,1400,18,0.1,678
H0506,70,1500,14,0.1,679
H0507,43,4600,15,0.15,680
H0507,48,1300,15,0.15,681
H0508,13,600,10,0,682
H0508,39,1800,10,0,683
H0509,28,4600,3,0,684
H0510,29,12400,36,0,685
H0510,75,800,36,0.1,686
H0511,4,2200,50,0.15,687
H0511,7,3000,50,0.15,688
H0511,8,4000,10,0.15,689
H0512,24,500,10,0.15,690
H0512,46,1200,9,0.15,691
H0512,47,1000,6,0.15,692
H0512,60,3400,12,0.15,693
H0513,21,1000,40,0.2,694
H0513,32,3200,50,0.2,695
H0513,61,2900,15,0.2,696
H0514,20,8100,39,0,697
H0514,28,4600,35,0,698
H0514,56,3800,70,0,699
H0514,65,2100,39,0,700
H0514,75,800,50,0,701
H0515,9,9700,16,0.15,702
H0515,16,1700,50,0,703
H0515,27,4400,120,0,704
H0515,33,300,16,0.15,705
H0515,60,3400,84,0.15,706
H0516,18,6300,25,0.1,707
H0516,41,1000,80,0.1,708
H0516,42,1400,20,0,709
H0517,52,700,6,0,710
H0517,59,5500,4,0,711
H0517,70,1500,6,0,712
H0518,24,500,5,0,713
H0518,38,26400,15,0,714
H0518,44,1900,9,0,715
H0519,10,3100,16,0.05,716
H0519,56,3800,40,0,717
H0519,60,3400,10,0.05,718
H0520,24,500,8,0,719
H0520,53,3300,5,0,720
H0521,35,1800,3,0,721
H0521,41,1000,10,0,722
H0521,68,1300,6,0,723
H0522,1,1800,40,0.2,724
H0522,8,4000,24,0,725
H0522,30,2600,20,0.2,726
H0522,40,1800,25,0.2,727
H0523,17,3900,25,0.1,728
H0523,20,8100,15,0.1,729
H0523,37,2600,18,0.1,730
H0523,41,1000,6,0.1,731
H0524,10,3100,2,0,732
H0524,30,2600,10,0,733
H0524,43,4600,60,0,734
H0524,54,700,15,0,735
H0525,36,1900,30,0,736
H0525,40,1800,15,0.1,737
H0526,1,1800,8,0.15,738
H0526,13,600,10,0,739
H0526,56,3800,30,0.15,740
H0527,4,2200,50,0.1,741
H0527,36,1900,30,0.1,742
H0528,11,2100,3,0,743
H0528,33,300,8,0.2,744
H0528,72,3500,9,0,745
H0529,55,2400,14,0,746
H0529,68,1300,20,0,747
H0529,69,3600,10,0,748
H0530,17,3900,40,0,749
H0530,43,4600,25,0,750
H0530,61,2900,20,0,751
H0530,76,1800,50,0,752
H0531,59,5500,2,0,753
H0532,30,2600,15,0,754
H0532,66,1700,24,0,755
H0533,4,2200,50,0.05,756
H0533,72,3500,24,0,757
H0533,73,1500,24,0.05,758
H0534,30,2600,10,0,759
H0534,40,1800,10,0.2,760
H0534,54,700,10,0.2,761
H0535,11,2100,50,0.1,762
H0535,40,1800,10,0.1,763
H0535,57,2000,5,0.1,764
H0535,59,5500,15,0.1,765
H0536,12,3800,15,0.25,766
H0536,31,1300,20,0,767
H0536,33,300,30,0,768
H0536,60,3400,35,0.25,769
H0537,31,1300,30,0,770
H0537,51,5300,6,0,771
H0537,58,1300,20,0,772
H0537,72,3500,21,0,773
H0537,73,1500,9,0,774
H0538,70,1500,7,0,775
H0538,72,3500,1,0,776
H0539,13,600,8,0,777
H0539,21,1000,15,0,778
H0539,33,300,15,0,779
H0539,49,2000,6,0,780
H0540,3,1000,60,0,781
H0540,26,3100,40,0,782
H0540,38,26400,30,0,783
H0540,68,1300,35,0,784
H0541,24,500,35,0.1,785
H0541,38,26400,4,0.1,786
H0541,65,2100,36,0.1,787
H0541,71,2200,9,0.1,788
H0542,11,2100,15,0.05,789
H0542,54,700,24,0.05,790
H0543,12,3800,30,0.15,791
H0543,23,900,70,0.15,792
H0544,28,4600,7,0,793
H0544,67,1400,7,0,794
H0545,11,2100,10,0,795
H0546,7,3000,10,0,796
H0546,35,1800,30,0,797
H0546,62,4900,40,0,798
H0547,32,3200,24,0.15,799
H0547,36,1900,60,0,800
H0548,34,1400,10,0.25,801
H0548,41,1000,14,0,802
H0549,31,1300,55,0.15,803
H0549,45,1000,100,0.15,804
H0549,51,5300,48,0.15,805
H0550,17,3900,8,0.1,806
H0550,19,900,10,0,807
H0550,21,1000,6,0.1,808
H0550,61,2900,10,0.1,809
H0551,16,1700,40,0.15,810
H0551,35,1800,20,0.15,811
H0551,44,1900,40,0,812
H0552,69,3600,18,0,813
H0552,75,800,30,0,814
H0553,11,2100,15,0,815
H0553,16,1700,14,0,816
H0553,22,2100,24,0,817
H0553,31,1300,30,0,818
H0553,35,1800,6,0,819
H0554,16,1700,30,0.05,820
H0554,23,900,20,0.05,821
H0554,62,4900,20,0.05,822
H0554,77,1300,10,0.05,823
H0555,14,2300,30,0.2,824
H0555,19,900,35,0.2,825
H0555,24,500,18,0.2,826
H0555,51,5300,20,0.2,827
H0555,56,3800,40,0.2,828
H0556,72,3500,24,0,829
H0557,64,3300,30,0,830
H0557,75,800,20,0,831
H0558,47,1000,25,0,832
H0558,51,5300,20,0,833
H0558,52,700,30,0,834
H0558,53,3300,18,0,835
H0558,73,1500,3,0,836
H0559,41,1000,12,0.05,837
H0559,55,2400,18,0.05,838
H0560,30,2600,20,0,839
H0560,62,4900,15,0.25,840
H0561,44,1900,10,0,841
H0561,51,5300,50,0,842
H0562,33,300,20,0.1,843
H0562,62,4900,10,0.1,844
H0563,36,1900,25,0,845
H0563,52,700,70,0,846
H0564,17,3900,16,0.05,847
H0564,31,1300,6,0.05,848
H0564,55,2400,25,0.05,849
H0565,24,500,25,0.1,850
H0565,64,3300,18,0.1,851
H0566,11,2100,35,0.15,852
H0566,18,6300,18,0.15,853
H0566,76,1800,10,0,854
H0567,31,1300,60,0.2,855
H0567,51,5300,3,0,856
H0567,59,5500,40,0.2,857
H0568,10,3100,5,0,858
H0569,31,1300,35,0.2,859
H0569,76,1800,30,0,860
H0570,11,2100,15,0.05,861
H0570,56,3800,60,0.05,862
H0571,14,2300,11,0.15,863
H0571,42,1400,28,0.15,864
H0572,16,1700,12,0.1,865
H0572,32,3200,10,0.1,866
H0572,40,1800,50,0,867
H0572,75,800,15,0.1,868
H0573,17,3900,18,0,869
H0573,34,1400,40,0,870
H0573,53,3300,25,0,871
H0574,33,300,14,0,872
H0574,40,1800,2,0,873
H0574,62,4900,10,0,874
H0574,64,3300,6,0,875
H0575,59,5500,12,0,876
H0575,63,4400,6,0,877
H0575,72,3500,30,0,878
H0575,76,1800,10,0,879
H0576,1,1800,10,0,880
H0576,31,1300,20,0,881
H0576,44,1900,21,0,882
H0577,39,1800,10,0,883
H0577,75,800,20,0,884
H0577,77,1300,18,0,885
H0578,35,1800,20,0,886
H0578,57,2000,6,0,887
H0579,15,1600,10,0,888
H0579,75,800,21,0,889
H0580,14,2300,15,0.05,890
H0580,41,1000,9,0.05,891
H0580,65,2100,30,0.05,892
H0581,75,800,50,0.2,893
H0582,57,2000,4,0,894
H0582,76,1800,14,0,895
H0583,29,12400,10,0,896
H0583,60,3400,24,0.15,897
H0583,69,3600,10,0.15,898
H0584,31,1300,50,0.05,899
H0585,47,1000,15,0,900
H0586,52,700,4,0.15,901
H0587,26,3100,6,0,902
H0587,35,1800,20,0,903
H0587,77,1300,20,0,904
H0588,18,6300,40,0.2,905
H0588,42,1400,100,0.2,906
H0589,35,1800,4,0,907
H0590,1,1800,20,0,908
H0590,77,1300,60,0.05,909
H0591,3,1000,14,0,910
H0591,7,3000,10,0,911
H0591,54,700,50,0,912
H0592,15,1600,25,0.05,913
H0592,26,3100,5,0.05,914
H0593,20,8100,21,0.2,915
H0593,69,3600,20,0.2,916
H0593,76,1800,4,0.2,917
H0594,52,700,24,0,918
H0594,58,1300,30,0,919
H0595,35,1800,30,0.25,920
H0595,61,2900,120,0.25,921
H0595,69,3600,65,0.25,922
H0596,56,3800,5,0.2,923
H0596,63,4400,24,0.2,924
H0596,75,800,30,0.2,925
H0597,24,500,35,0.2,926
H0597,57,2000,20,0,927
H0597,65,2100,12,0.2,928
H0598,27,4400,50,0,929
H0598,71,2200,9,0,930
H0599,62,4900,10,0,931
H0600,54,700,4,0,932
H0600,73,1500,30,0,933
H0601,13,600,60,0,934
H0601,59,5500,35,0,935
H0602,77,1300,5,0.25,936
H0603,22,2100,48,0,937
H0603,49,2000,25,0.05,938
H0604,48,1300,6,0.1,939
H0604,76,1800,10,0.1,940
H0605,16,1700,30,0.05,941
H0605,59,5500,20,0.05,942
H0605,60,3400,70,0.05,943
H0605,71,2200,15,0.05,944
H0606,4,2200,20,0.2,945
H0606,55,2400,20,0.2,946
H0606,62,4900,10,0.2,947
H0607,7,3000,45,0,948
H0607,17,3900,100,0,949
H0607,33,300,14,0,950
H0607,40,1800,42,0,951
H0607,72,3500,12,0,952
H0608,56,3800,28,0,953
H0609,1,1800,3,0,954
H0609,10,3100,10,0,955
H0609,21,1000,6,0,956
H0610,36,1900,21,0.25,957
H0611,1,1800,6,0,958
H0611,2,1900,10,0,959
H0611,60,3400,15,0,960
H0612,10,3100,70,0,961
H0612,36,1900,55,0,962
H0612,49,2000,18,0,963
H0612,60,3400,40,0,964
H0612,76,1800,80,0,965
H0613,13,600,8,0.1,966
H0613,75,800,40,0,967
H0614,11,2100,14,0,968
H0614,21,1000,8,0,969
H0614,39,1800,5,0,970
H0615,55,2400,5,0,971
H0616,38,26400,15,0.05,972
H0616,56,3800,14,0,973
H0616,70,1500,15,0.05,974
H0616,71,2200,15,0.05,975
H0617,59,5500,30,0.15,976
H0618,6,2500,70,0,977
H0618,56,3800,20,0,978
H0618,68,1300,15,0,979
H0619,21,1000,42,0,980
H0619,22,2100,40,0,981
H0620,24,500,5,0,982
H0620,52,700,5,0,983
H0621,19,900,5,0,984
H0621,23,900,10,0,985
H0621,70,1500,20,0,986
H0621,71,2200,15,0,987
H0622,2,1900,20,0,988
H0622,68,1300,18,0.2,989
H0623,14,2300,21,0,990
H0623,19,900,15,0.1,991
H0623,21,1000,25,0.1,992
H0623,24,500,3,0,993
H0623,35,1800,30,0.1,994
H0624,28,4600,10,0,995
H0624,29,12400,6,0,996
H0624,44,1900,10,0,997
H0625,14,2300,3,0,998
H0625,42,1400,5,0,999
H0625,60,3400,10,0,1000
H0626,53,3300,12,0,1001
H0626,60,3400,20,0,1002
H0626,71,2200,20,0,1003
H0627,62,4900,15,0,1004
H0627,73,1500,35,0.15,1005
H0628,1,1800,25,0,1006
H0629,29,12400,20,0,1007
H0629,64,3300,9,0,1008
H0630,55,2400,12,0.05,1009
H0630,76,1800,35,0,1010
H0631,75,800,8,0.1,1011
H0632,2,1900,30,0.05,1012
H0632,33,300,20,0.05,1013
H0633,12,3800,36,0.15,1014
H0633,13,600,13,0.15,1015
H0633,26,3100,35,0.15,1016
H0633,62,4900,80,0.15,1017
H0634,7,3000,35,0,1018
H0634,18,6300,50,0,1019
H0634,51,5300,15,0,1020
H0634,75,800,2,0,1021
H0635,4,2200,10,0.1,1022
H0635,5,2100,15,0.1,1023
H0635,22,2100,40,0,1024
H0636,4,2200,25,0,1025
H0636,58,1300,6,0,1026
H0637,11,2100,10,0,1027
H0637,50,1600,25,0.05,1028
H0637,56,3800,60,0.05,1029
H0638,45,1000,20,0,1030
H0638,65,2100,21,0,1031
H0638,72,3500,60,0,1032
H0639,18,6300,8,0,1033
H0640,69,3600,20,0.25,1034
H0640,70,1500,15,0.25,1035
H0641,2,1900,50,0,1036
H0641,40,1800,60,0,1037
H0642,21,1000,30,0.2,1038
H0642,61,2900,20,0.2,1039
H0643,28,4600,15,0.25,1040
H0643,39,1800,21,0.25,1041
H0643,46,1200,2,0.25,1042
H0644,18,6300,4,0.1,1043
H0644,43,4600,20,0,1044
H0644,46,1200,21,0.1,1045
H0645,18,6300,20,0,1046
H0645,36,1900,15,0,1047
H0646,1,1800,15,0.25,1048
H0646,10,3100,18,0.25,1049
H0646,71,2200,30,0.25,1050
H0646,77,1300,35,0.25,1051
H0647,19,900,30,0,1052
H0647,39,1800,20,0,1053
H0648,22,2100,15,0,1054
H0648,24,500,15,0.15,1055
H0649,28,4600,20,0,1056
H0649,72,3500,15,0,1057
H0650,30,2600,30,0,1058
H0650,53,3300,25,0.05,1059
H0650,54,700,30,0,1060
H0651,19,900,12,0.25,1061
H0651,22,2100,20,0.25,1062
H0652,30,2600,2,0.25,1063
H0652,42,1400,20,0,1064
H0653,16,1700,30,0.1,1065
H0653,60,3400,20,0.1,1066
H0654,4,2200,12,0.1,1067
H0654,39,1800,20,0.1,1068
H0654,54,700,6,0.1,1069
H0655,41,1000,20,0.2,1070
H0656,14,2300,3,0.1,1071
H0656,44,1900,28,0.1,1072
H0656,47,1000,6,0.1,1073
H0657,15,1600,50,0,1074
H0657,41,1000,24,0,1075
H0657,46,1200,45,0,1076
H0657,47,1000,10,0,1077
H0657,56,3800,45,0,1078
H0657,60,3400,30,0,1079
H0658,21,1000,60,0,1080
H0658,40,1800,70,0.05,1081
H0658,60,3400,55,0.05,1082
H0658,77,1300,70,0.05,1083
H0659,31,1300,20,0.05,1084
H0659,40,1800,24,0.05,1085
H0659,70,1500,40,0.05,1086
H0660,20,8100,21,0,1087
H0661,39,1800,3,0.2,1088
H0661,58,1300,49,0.2,1089
H0662,68,1300,10,0,1090
H0663,40,1800,30,0.05,1091
H0663,42,1400,30,0.05,1092
H0663,51,5300,20,0.05,1093
H0664,10,3100,24,0.15,1094
H0664,56,3800,12,0.15,1095
H0664,65,2100,15,0.15,1096
H0665,51,5300,20,0,1097
H0665,59,5500,1,0,1098
H0665,76,1800,10,0,1099
H0666,29,12400,36,0,1100
H0666,65,2100,10,0,1101
H0667,69,3600,45,0.2,1102
H0667,71,2200,14,0.2,1103
H0668,31,1300,8,0.1,1104
H0668,55,2400,4,0.1,1105
H0668,64,3300,15,0.1,1106
H0669,36,1900,30,0,1107
H0670,23,900,32,0,1108
H0670,46,1200,60,0,1109
H0670,67,1400,25,0,1110
H0670,73,1500,50,0,1111
H0670,75,800,25,0,1112
H0671,16,1700,10,0,1113
H0671,62,4900,10,0,1114
H0671,65,2100,12,0,1115
H0672,38,26400,15,0.1,1116
H0672,71,2200,12,0,1117
H0673,16,1700,3,0,1118
H0673,42,1400,6,0,1119
H0673,43,4600,6,0,1120
H0674,23,900,5,0,1121
H0675,14,2300,30,0,1122
H0675,53,3300,10,0,1123
H0675,58,1300,30,0,1124
H0676,10,3100,2,0,1125
H0676,19,900,7,0,1126
H0676,44,1900,21,0,1127
H0677,26,3100,30,0.15,1128
H0677,33,300,8,0.15,1129
H0678,12,3800,100,0,1130
H0678,33,300,30,0,1131
H0678,41,1000,120,0,1132
H0678,54,700,30,0,1133
H0679,59,5500,12,0,1134
H0680,16,1700,50,0.25,1135
H0680,31,1300,20,0.25,1136
H0680,42,1400,40,0.25,1137
H0681,19,900,30,0.1,1138
H0681,21,1000,12,0.1,1139
H0681,64,3300,28,0,1140
H0682,33,300,30,0,1141
H0682,66,1700,4,0,1142
H0682,75,800,30,0,1143
H0683,52,700,9,0,1144
H0684,40,1800,20,0,1145
H0684,47,1000,40,0,1146
H0684,60,3400,30,0,1147
H0685,10,3100,20,0,1148
H0685,41,1000,4,0,1149
H0685,47,1000,15,0,1150
H0686,17,3900,30,0.2,1151
H0686,26,3100,15,0,1152
H0687,9,9700,50,0.25,1153
H0687,29,12400,10,0,1154
H0687,36,1900,6,0.25,1155
H0688,10,3100,18,0.1,1156
H0688,28,4600,60,0.1,1157
H0688,34,1400,14,0,1158
H0689,1,1800,35,0.25,1159
H0690,56,3800,20,0.25,1160
H0690,77,1300,30,0.25,1161
H0691,1,1800,30,0,1162
H0691,29,12400,40,0,1163
H0691,43,4600,40,0,1164
H0691,44,1900,24,0,1165
H0691,62,4900,48,0,1166
H0692,21,1000,20,0,1167
H0693,9,9700,6,0,1168
H0693,54,700,60,0.15,1169
H0693,69,3600,30,0.15,1170
H0693,73,1500,15,0.15,1171
H0694,7,3000,90,0,1172
H0694,59,5500,25,0,1173
H0694,70,1500,50,0,1174
H0695,8,4000,10,0,1175
H0695,12,3800,4,0,1176
H0695,24,500,20,0,1177
H0696,17,3900,20,0,1178
H0696,46,1200,18,0,1179
H0697,19,900,7,0.25,1180
H0697,35,1800,9,0.25,1181
H0697,58,1300,30,0.25,1182
H0697,70,1500,30,0.25,1183
H0698,11,2100,15,0,1184
H0698,17,3900,8,0.05,1185
H0698,29,12400,12,0.05,1186
H0698,65,2100,65,0.05,1187
H0698,70,1500,8,0.05,1188
H0699,47,1000,12,0,1189
H0700,1,1800,5,0.2,1190
H0700,34,1400,12,0.2,1191
H0700,68,1300,40,0.2,1192
H0700,71,2200,60,0.2,1193
H0701,59,5500,42,0.15,1194
H0701,71,2200,20,0.15,1195
H0701,76,1800,35,0.15,1196
H0702,38,26400,6,0,1197
H0702,76,1600,15,0,1198
H0703,2,1900,5,0,1199
H0703,59,5500,35,0,1200
H0703,73,1500,35,0,1201
H0704,4,2200,6,0,1202
H0704,24,500,35,0,1203
H0704,48,1300,24,0,1204
H0705,31,1300,20,0,1205
H0705,32,3200,4,0,1206
H0706,16,1700,20,0,1207
H0706,43,4600,24,0,1208
H0706,59,5500,8,0,1209
H0707,55,2400,21,0,1210
H0707,57,2000,40,0,1211
H0707,70,1500,28,0.15,1212
H0708,5,2100,4,0,1213
H0708,36,1900,5,0,1214
H0709,8,4000,40,0,1215
H0709,51,5300,28,0,1216
H0709,60,3400,10,0,1217
H0710,19,900,5,0,1218
H0710,47,1000,5,0,1219
H0711,19,900,12,0,1220
H0711,41,1000,42,0,1221
H0711,53,3300,120,0,1222
H0712,53,3300,3,0.05,1223
H0712,56,3800,30,0,1224
H0713,10,3100,18,0,1225
H0713,26,3100,30,0,1226
H0713,45,1000,110,0,1227
H0713,46,1200,24,0,1228
H0714,2,1900,30,0.25,1229
H0714,17,3900,27,0.25,1230
H0714,47,1000,50,0.25,1231
H0714,56,3800,18,0.25,1232
H0714,58,1300,12,0.25,1233
H0715,10,3100,21,0,1234
H0715,71,2200,30,0,1235
H0716,21,1000,5,0,1236
H0716,51,5300,7,0,1237
H0716,61,2900,10,0,1238
H0717,21,1000,32,0.05,1239
H0717,54,700,15,0,1240
H0717,69,3600,25,0.05,1241
H0718,12,3800,36,0,1242
H0718,16,1700,20,0,1243
H0718,36,1900,40,0,1244
H0718,62,4900,20,0,1245
H0719,18,6300,12,0.25,1246
H0719,30,2600,3,0.25,1247
H0719,54,700,40,0.25,1248
H0720,35,1800,21,0,1249
H0720,71,2200,8,0,1250
H0721,44,1900,50,0.05,1251
H0722,2,1900,3,0,1252
H0722,31,1300,50,0,1253
H0722,68,1300,45,0,1254
H0722,75,800,42,0,1255
H0723,26,3100,15,0,1256
H0724,10,3100,16,0,1257
H0724,61,2900,5,0,1258
H0725,41,1000,12,0,1259
H0725,52,700,4,0,1260
H0725,55,2400,6,0,1261
H0726,4,2200,25,0,1262
H0726,11,2100,5,0,1263
H0727,17,3900,20,0.05,1264
H0727,56,3800,10,0.05,1265
H0727,59,5500,10,0.05,1266
H0728,30,2600,15,0,1267
H0728,40,1800,6,0,1268
H0728,55,2400,12,0,1269
H0728,60,3400,15,0,1270
H0729,1,1800,50,0,1271
H0729,21,1000,30,0,1272
H0729,50,1600,40,0,1273
H0730,16,1700,15,0.05,1274
H0730,31,1300,3,0.05,1275
H0730,65,2100,10,0.05,1276
H0731,21,1000,40,0.05,1277
H0731,51,5300,30,0.05,1278
H0732,76,1800,20,0,1279
H0733,14,2300,16,0,1280
H0733,28,4600,20,0,1281
H0733,52,700,25,0,1282
H0734,6,2500,30,0,1283
H0734,30,2600,15,0,1284
H0734,76,1800,20,0,1285
H0735,61,2900,20,0.1,1286
H0735,77,1300,2,0.1,1287
H0736,65,2100,40,0,1288
H0736,75,800,20,0,1289
H0737,13,600,4,0,1290
H0737,41,1000,12,0,1291
H0738,16,1700,3,0,1292
H0739,36,1900,6,0,1293
H0739,52,700,18,0,1294
H0740,28,4600,5,0.2,1295
H0740,35,1800,35,0.2,1296
H0740,45,1000,40,0.2,1297
H0740,56,3800,14,0.2,1298
H0741,2,1900,15,0.2,1299
H0742,3,1000,20,0,1300
H0742,60,3400,50,0,1301
H0742,72,3500,35,0,1302
H0743,46,1200,28,0.05,1303
H0744,40,1800,50,0.2,1304
H0745,18,6300,24,0,1305
H0745,44,1900,16,0,1306
H0745,59,5500,45,0,1307
H0745,72,3500,7,0,1308
H0746,13,600,6,0,1309
H0746,42,1400,28,0,1310
H0746,62,4900,9,0,1311
H0746,69,3600,40,0,1312
H0747,31,1300,8,0,1313
H0747,41,1000,35,0,1314
H0747,63,4400,9,0,1315
H0747,69,3600,30,0,1316
H0748,23,900,44,0,1317
H0748,40,1800,40,0,1318
H0748,56,3800,28,0,1319
H0749,56,3800,15,0,1320
H0749,59,5500,6,0,1321
H0749,76,1800,10,0,1322
H0750,14,2300,5,0.15,1323
H0750,45,1000,40,0.15,1324
H0750,59,5500,25,0.15,1325
H0751,26,3100,12,0.1,1326
H0751,30,2600,30,0,1327
H0751,50,1600,20,0.1,1328
H0751,73,1500,15,0,1329
H0752,1,1800,8,0,1330
H0752,69,3600,3,0,1331
H0753,45,1000,4,0,1332
H0753,74,1000,5,0,1333
H0754,40,1800,3,0,1334
H0755,47,1000,30,0.25,1335
H0755,56,3800,30,0.25,1336
H0755,57,2000,14,0.25,1337
H0755,69,3600,25,0.25,1338
H0756,18,6300,21,0.2,1339
H0756,36,1900,20,0.2,1340
H0756,68,1300,6,0.2,1341
H0756,69,3600,20,0.2,1342
H0757,34,1400,30,0,1343
H0757,59,5500,7,0,1344
H0757,62,4900,30,0,1345
H0757,64,3300,24,0,1346
H0758,26,3100,20,0,1347
H0758,52,700,60,0,1348
H0758,70,1500,40,0,1349
H0759,32,3200,10,0,1350
H0760,25,1400,12,0.25,1351
H0760,27,4400,40,0,1352
H0760,43,4600,30,0.25,1353
H0761,25,1400,35,0.25,1354
H0761,75,800,18,0,1355
H0762,39,1800,16,0,1356
H0762,47,1000,30,0,1357
H0762,51,5300,28,0,1358
H0762,56,3800,60,0,1359
H0763,21,1000,40,0,1360
H0763,22,2100,6,0,1361
H0763,24,500,20,0,1362
H0764,3,1000,20,0.1,1363
H0764,39,1800,130,0.1,1364
H0765,65,2100,80,0.1,1365
H0766,2,1900,40,0,1366
H0766,7,3000,35,0,1367
H0766,68,1300,40,0,1368
H0767,42,1400,2,0,1369
H0768,22,2100,4,0,1370
H0768,31,1300,50,0,1371
H0768,60,3400,15,0,1372
H0768,71,2200,12,0,1373
H0769,41,1000,30,0.05,1374
H0769,52,700,15,0.05,1375
H0769,61,2900,20,0,1376
H0769,62,4900,15,0,1377
H0770,11,2100,15,0.25,1378
H0771,71,2200,16,0,1379
H0772,29,12400,18,0,1380
H0772,59,5500,25,0,1381
H0773,17,3900,33,0,1382
H0773,31,1300,70,0.2,1383
H0773,75,800,7,0.2,1384
H0774,31,1300,2,0.25,1385
H0774,66,1700,50,0,1386
H0775,10,3100,6,0,1387
H0775,67,1400,3,0,1388
H0776,31,1300,16,0.05,1389
H0776,42,1400,12,0.05,1390
H0776,45,1000,27,0.05,1391
H0776,51,5300,120,0.05,1392
H0777,42,1400,20,0.2,1393
H0778,41,1000,10,0,1394
H0779,16,1700,20,0,1395
H0779,62,4900,20,0,1396
H0780,70,1500,35,0,1397
H0780,77,1300,15,0,1398
H0781,54,700,3,0.2,1399
H0781,56,3800,20,0.2,1400
H0781,74,1000,35,0,1401
H0782,31,1300,1,0,1402
H0783,31,1300,10,0,1403
H0783,38,26400,5,0,1404
H0784,36,1900,30,0,1405
H0784,39,1800,2,0.15,1406
H0784,72,3500,30,0.15,1407
H0785,10,3100,10,0,1408
H0785,75,800,10,0,1409
H0786,8,4000,30,0.2,1410
H0786,30,2600,15,0.2,1411
H0786,75,800,42,0.2,1412
H0787,2,1900,15,0.05,1413
H0787,29,12400,20,0.05,1414
H0788,19,900,50,0.05,1415
H0788,75,800,40,0.05,1416
H0789,18,6300,30,0,1417
H0789,35,1800,15,0,1418
H0789,63,4400,30,0,1419
H0789,68,1300,18,0,1420
H0790,7,3000,3,0.15,1421
H0790,56,3800,20,0.15,1422
H0791,29,12400,14,0.05,1423
H0791,41,1000,20,0.05,1424
H0792,2,1900,10,0,1425
H0792,54,700,3,0,1426
H0792,68,1300,15,0,1427
H0793,41,1000,14,0,1428
H0793,52,700,8,0,1429
H0794,14,2300,15,0.2,1430
H0794,54,700,6,0.2,1431
H0795,16,1700,65,0,1432
H0795,17,3900,35,0.25,1433
H0796,26,3100,21,0.2,1434
H0796,44,1900,10,0,1435
H0796,64,3300,35,0.2,1436
H0796,69,3600,24,0.2,1437
H0797,11,2100,20,0,1438
H0798,62,4900,2,0,1439
H0798,72,3500,10,0,1440
H0799,13,600,20,0.15,1441
H0799,24,500,20,0.15,1442
H0799,59,5500,25,0,1443
H0800,11,2100,50,0.1,1444
H0800,51,5300,10,0.1,1445
H0800,54,700,7,0.1,1446
H0801,17,3900,40,0.25,1447
H0801,29,12400,20,0.25,1448
H0802,30,2600,25,0.25,1449
H0802,51,5300,30,0.25,1450
H0802,55,2400,60,0.25,1451
H0802,62,4900,5,0.25,1452
H0803,19,900,24,0.05,1453
H0803,25,1400,15,0.05,1454
H0803,59,5500,15,0.05,1455
H0804,10,3100,36,0,1456
H0804,28,4600,24,0,1457
H0804,49,2000,4,0.15,1458
H0805,34,1400,10,0,1459
H0805,38,26400,10,0,1460
H0806,2,1900,20,0.25,1461
H0806,65,2100,2,0,1462
H0806,74,1000,15,0.25,1463
H0807,40,1800,1,0,1464
H0808,56,3800,20,0.15,1465
H0808,76,1800,50,0.15,1466
H0809,52,700,20,0,1467
H0810,13,600,7,0,1468
H0810,25,1400,5,0,1469
H0810,70,1500,5,0,1470
H0811,19,900,15,0,1471
H0811,23,900,18,0,1472
H0811,40,1800,30,0,1473
H0812,31,1300,16,0.1,1474
H0812,72,3500,40,0.1,1475
H0812,77,1300,20,0,1476
H0813,2,1900,12,0.2,1477
H0813,46,1200,35,0,1478
H0814,41,1000,20,0,1479
H0814,43,4600,20,0.15,1480
H0814,48,1300,8,0.15,1481
H0814,61,2900,30,0.15,1482
H0815,33,300,16,0,1483
H0816,38,26400,30,0.05,1484
H0816,62,4900,20,0.05,1485
H0817,26,3100,40,0.15,1486
H0817,38,26400,30,0,1487
H0817,40,1800,60,0.15,1488
H0817,62,4900,25,0.15,1489
H0818,32,3200,20,0,1490
H0818,41,1000,20,0,1491
H0819,43,4600,7,0,1492
H0819,75,800,20,0,1493
H0820,56,3800,30,0,1494
H0821,35,1800,20,0,1495
H0821,51,5300,6,0,1496
H0822,62,4900,3,0,1497
H0822,70,1500,6,0,1498
H0823,11,2100,20,0.1,1499
H0823,57,2000,15,0,1500
H0823,59,5500,40,0.1,1501
H0823,77,1300,15,0.1,1502
H0824,41,1000,12,0,1503
H0824,70,1500,9,0,1504
H0825,26,3100,12,0,1505
H0825,53,3300,20,0,1506
H0826,31,1300,35,0,1507
H0826,57,2000,15,0,1508
H0827,10,3100,15,0,1509
H0827,39,1800,21,0,1510
H0828,20,8100,5,0,1511
H0828,38,26400,2,0,1512
H0829,2,1900,10,0,1513
H0829,8,4000,20,0,1514
H0829,13,600,10,0,1515
H0829,60,3400,21,0,1516
H0830,6,2500,6,0,1517
H0830,39,1800,28,0,1518
H0830,60,3400,30,0,1519
H0830,68,1300,24,0,1520
H0831,19,900,2,0,1521
H0831,35,1800,8,0,1522
H0831,38,26400,8,0,1523
H0831,43,4600,9,0,1524
H0832,13,600,3,0.2,1525
H0832,25,1400,10,0.2,1526
H0832,44,1900,16,0.2,1527
H0832,64,3300,3,0,1528
H0833,7,3000,20,0.1,1529
H0833,31,1300,9,0.1,1530
H0833,53,3300,9,0.1,1531
H0834,29,12400,8,0.05,1532
H0834,30,2600,20,0.05,1533
H0835,59,5500,15,0,1534
H0835,77,1300,2,0.2,1535
H0836,22,2100,52,0,1536
H0836,35,1800,6,0,1537
H0836,57,2000,24,0,1538
H0836,60,3400,60,0,1539
H0836,64,3300,30,0,1540
H0837,13,600,6,0,1541
H0837,40,1800,25,0,1542
H0837,47,1000,40,0.25,1543
H0837,76,1800,21,0.25,1544
H0838,1,1800,4,0.25,1545
H0838,18,6300,25,0.25,1546
H0838,36,1900,50,0.25,1547
H0839,58,1300,30,0.1,1548
H0839,72,3500,15,0.1,1549
H0840,25,1400,6,0.2,1550
H0840,39,1800,10,0.2,1551
H0841,10,3100,16,0,1552
H0841,56,3800,30,0,1553
H0841,59,5500,50,0,1554
H0841,77,1300,15,0,1555
H0842,11,2100,15,0,1556
H0842,43,4600,5,0,1557
H0842,68,1300,20,0,1558
H0842,70,1500,12,0,1559
H0843,51,5300,4,0.25,1560
H0844,22,2100,35,0,1561
H0845,23,900,70,0.1,1562
H0845,35,1800,25,0.1,1563
H0845,42,1400,42,0.1,1564
H0845,58,1300,60,0.1,1565
H0845,64,3300,48,0,1566
H0846,4,2200,21,0,1567
H0846,70,1500,30,0,1568
H0846,74,1000,20,0,1569
H0847,1,1800,80,0.2,1570
H0847,19,900,12,0.2,1571
H0847,37,2600,60,0.2,1572
H0847,45,1000,36,0.2,1573
H0847,60,3400,45,0.2,1574
H0847,71,2200,55,0.2,1575
H0848,5,2100,30,0,1576
H0848,9,9700,3,0,1577
H0849,3,1000,49,0,1578
H0849,26,3100,18,0.15,1579
H0850,25,1400,20,0.15,1580
H0850,33,300,4,0.15,1581
H0850,70,1500,30,0.15,1582
H0851,2,1900,5,0.05,1583
H0851,25,1400,10,0.05,1584
H0851,57,2000,10,0.05,1585
H0851,59,5500,42,0.05,1586
H0852,2,1900,15,0,1587
H0852,17,3900,6,0,1588
H0852,62,4900,50,0,1589
H0853,18,6300,10,0,1590
H0854,10,3100,100,0.15,1591
H0854,13,600,65,0.15,1592
H0855,16,1700,50,0,1593
H0855,31,1300,14,0,1594
H0855,56,3800,24,0,1595
H0855,65,2100,15,0.15,1596
H0856,2,1900,20,0,1597
H0856,42,1400,20,0,1598
H0857,3,1000,30,0,1599
H0857,26,3100,35,0.25,1600
H0857,29,12400,10,0.25,1601
H0858,7,3000,5,0,1602
H0858,27,4400,10,0,1603
H0858,70,1500,4,0,1604
H0859,24,500,40,0.25,1605
H0859,54,700,35,0.25,1606
H0859,64,3300,30,0.25,1607
H0860,51,5300,3,0,1608
H0860,76,1800,20,0,1609
H0861,17,3900,42,0,1610
H0861,18,6300,20,0,1611
H0861,21,1000,40,0,1612
H0861,33,300,35,0,1613
H0861,62,4900,3,0,1614
H0862,11,2100,25,0,1615
H0862,52,700,8,0,1616
H0863,1,1800,20,0.15,1617
H0863,58,1300,12,0.15,1618
H0864,35,1800,4,0,1619
H0864,67,1400,15,0,1620
H0865,38,26400,60,0.05,1621
H0865,39,1800,80,0.05,1622
H0866,2,1900,21,0.25,1623
H0866,24,500,6,0.25,1624
H0866,30,2600,40,0.25,1625
H0867,53,3300,3,0,1626
H0868,26,3100,20,0,1627
H0868,35,1800,30,0,1628
H0868,49,2000,42,0.1,1629
H0869,1,1800,40,0,1630
H0869,11,2100,10,0,1631
H0869,23,900,50,0,1632
H0869,68,1300,20,0,1633
H0870,35,1800,3,0,1634
H0870,51,5300,2,0,1635
H0871,6,2500,50,0.05,1636
H0871,16,1700,12,0.05,1637
H0871,17,3900,16,0.05,1638
H0872,55,2400,10,0.05,1639
H0872,62,4900,20,0.05,1640
H0872,64,3300,15,0.05,1641
H0872,65,2100,21,0.05,1642
H0873,21,1000,20,0,1643
H0873,28,4600,3,0,1644
H0874,10,3100,10,0,1645
H0875,19,900,25,0,1646
H0875,47,1000,21,0.1,1647
H0875,49,2000,15,0,1648
H0876,46,1200,21,0,1649
H0876,64,3300,20,0,1650
H0877,16,1700,30,0.25,1651
H0877,18,6300,25,0,1652
H0878,20,8100,20,0.05,1653
H0879,40,1800,12,0,1654
H0879,65,2100,10,0,1655
H0879,76,1800,10,0,1656
H0880,23,900,30,0.2,1657
H0880,61,2900,30,0.2,1658
H0880,70,1500,50,0.2,1659
H0881,73,1500,10,0,1660
H0882,42,1400,25,0,1661
H0882,49,2000,20,0.15,1662
H0882,54,700,32,0.15,1663
H0883,24,500,8,0,1664
H0884,21,1000,40,0.05,1665
H0884,56,3800,21,0.05,1666
H0884,65,2100,12,0.05,1667
H0885,2,1900,20,0,1668
H0885,24,500,12,0,1669
H0885,70,1500,30,0,1670
H0885,77,1300,25,0,1671
H0886,10,3100,70,0,1672
H0886,31,1300,35,0,1673
H0886,77,1300,40,0,1674
H0887,25,1400,5,0,1675
H0888,2,1900,20,0,1676
H0888,68,1300,18,0,1677
H0889,11,2100,40,0,1678
H0889,38,26400,40,0,1679
H0890,17,3900,15,0,1680
H0890,34,1400,10,0,1681
H0890,41,1000,14,0,1682
H0891,30,2600,15,0.05,1683
H0892,59,5500,40,0.05,1684
H0893,8,4000,30,0,1685
H0893,24,500,10,0,1686
H0893,29,12400,24,0,1687
H0893,30,2600,35,0,1688
H0893,36,1900,20,0,1689
H0894,13,600,28,0.05,1690
H0894,69,3600,50,0.05,1691
H0894,75,800,120,0.05,1692
H0895,24,500,110,0,1693
H0895,39,1800,45,0,1694
H0895,40,1800,91,0,1695
H0895,60,3400,100,0,1696
H0896,45,1000,15,0,1697
H0896,56,3800,16,0,1698
H0897,29,12400,80,0,1699
H0897,30,2600,36,0,1700
H0898,13,600,5,0,1701
H0899,39,1800,8,0.15,1702
H0900,70,1500,3,0.25,1703
H0901,41,1000,30,0,1704
H0901,71,2200,30,0,1705
H0902,55,2400,30,0.15,1706
H0902,62,4900,6,0.15,1707
H0903,13,600,40,0,1708
H0903,65,2100,21,0,1709
H0903,68,1300,20,0,1710
H0904,58,1300,15,0,1711
H0904,62,4900,35,0,1712
H0905,1,1800,20,0.05,1713
H0906,61,2900,15,0,1714
H0907,75,800,14,0,1715
H0908,7,3000,20,0.05,1716
H0908,52,700,14,0.05,1717
H0909,7,3000,12,0,1718
H0909,16,1700,15,0,1719
H0909,41,1000,5,0,1720
H0910,19,900,12,0,1721
H0910,49,2000,10,0,1722
H0910,61,2900,5,0,1723
H0911,1,1800,10,0,1724
H0911,17,3900,12,0,1725
H0911,67,1400,15,0,1726
H0912,11,2100,40,0.25,1727
H0912,29,12400,60,0.25,1728
H0913,4,2200,30,0.25,1729
H0913,33,300,40,0.25,1730
H0913,58,1300,15,0,1731
H0914,71,2200,25,0,1732
H0915,17,3900,10,0,1733
H0915,33,300,30,0,1734
H0915,54,700,10,0,1735
H0916,16,1700,6,0,1736
H0916,32,3200,6,0,1737
H0916,57,2000,20,0,1738
H0917,30,2600,1,0,1739
H0917,60,3400,10,0,1740
H0918,1,1800,60,0.25,1741
H0918,60,3400,25,0.25,1742
H0919,16,1700,24,0,1743
H0919,25,1400,24,0,1744
H0919,40,1800,20,0,1745
H0920,50,1600,24,0,1746
H0921,35,1800,10,0,1747
H0921,63,4400,40,0,1748
H0922,17,3900,15,0,1749
H0922,24,500,35,0,1750
H0923,42,1400,10,0.2,1751
H0923,43,4600,10,0.2,1752
H0923,67,1400,24,0.2,1753
H0924,10,3100,20,0.1,1754
H0924,28,4600,30,0.1,1755
H0924,75,800,6,0,1756
H0925,36,1900,25,0.15,1757
H0925,52,700,12,0.15,1758
H0926,11,2100,2,0,1759
H0926,13,600,10,0,1760
H0926,19,900,7,0,1761
H0926,72,3500,10,0,1762
H0927,20,8100,5,0,1763
H0927,52,700,5,0,1764
H0927,76,1800,20,0,1765
H0928,47,1000,5,0,1766
H0928,76,1800,5,0,1767
H0929,21,1000,60,0,1768
H0929,75,800,49,0,1769
H0929,77,1300,15,0,1770
H0930,21,1000,36,0,1771
H0930,27,4400,25,0,1772
H0930,55,2400,25,0.2,1773
H0930,58,1300,30,0.2,1774
H0931,13,600,42,0.15,1775
H0931,57,2000,30,0,1776
H0932,16,1700,30,0.1,1777
H0932,62,4900,14,0.1,1778
H0932,72,3500,16,0,1779
H0932,75,800,20,0.1,1780
H0933,53,3300,2,0,1781
H0933,61,2900,30,0,1782
H0934,6,2500,20,0,1783
H0935,1,1800,21,0,1784
H0935,18,6300,4,0.25,1785
H0935,23,900,8,0.25,1786
H0936,36,1900,30,0.2,1787
H0937,28,4600,8,0,1788
H0937,34,1400,20,0,1789
H0938,13,600,20,0.25,1790
H0938,43,4600,24,0.25,1791
H0938,60,3400,49,0.25,1792
H0938,71,2200,35,0.25,1793
H0939,2,1900,10,0.15,1794
H0939,67,1400,40,0.15,1795
H0940,7,3000,8,0,1796
H0940,13,600,20,0,1797
H0941,31,1300,44,0.25,1798
H0941,62,4900,30,0.25,1799
H0941,68,1300,80,0.25,1800
H0941,72,3500,50,0,1801
H0942,49,2000,28,0,1802
H0943,13,600,15,0,1803
H0943,22,2100,21,0,1804
H0943,46,1200,15,0,1805
H0944,11,2100,5,0.25,1806
H0944,44,1900,18,0.25,1807
H0944,56,3800,18,0,1808
H0945,13,600,20,0,1809
H0945,31,1300,10,0,1810
H0946,10,3100,25,0,1811
H0946,24,500,25,0,1812
H0946,77,1300,40,0,1813
H0947,59,5500,4,0,1814
H0948,50,1600,9,0,1815
H0948,51,5300,40,0,1816
H0948,55,2400,4,0,1817
H0949,6,2500,12,0,1818
H0949,10,3100,30,0,1819
H0949,17,3900,6,0,1820
H0949,62,4900,60,0,1821
H0950,4,2200,5,0,1822
H0951,33,300,15,0.05,1823
H0951,41,1000,6,0.05,1824
H0951,75,800,50,0.05,1825
H0952,6,2500,16,0.05,1826
H0952,28,4600,2,0,1827
H0953,20,8100,50,0.05,1828
H0953,31,1300,50,0.05,1829
H0954,16,1700,28,0.15,1830
H0954,31,1300,25,0.15,1831
H0954,45,1000,30,0,1832
H0954,60,3400,24,0.15,1833
H0955,75,800,12,0.2,1834
H0956,21,1000,12,0,1835
H0956,47,1000,14,0,1836
H0956,51,5300,8,0,1837
H0957,30,2600,30,0,1838
H0957,35,1800,40,0,1839
H0957,64,3300,8,0,1840
H0958,5,2100,20,0,1841
H0958,7,3000,6,0,1842
H0958,72,3500,5,0,1843
H0959,75,800,20,0.15,1844
H0960,24,500,10,0.25,1845
H0960,41,1000,24,0,1846
H0961,52,700,6,0.05,1847
H0961,76,1800,60,0,1848
H0962,7,3000,45,0,1849
H0962,13,600,77,0,1850
H0962,53,3300,20,0,1851
H0962,69,3600,9,0,1852
H0962,76,1800,44,0,1853
H0963,60,3400,2,0.15,1854
H0964,18,6300,6,0,1855
H0964,38,26400,5,0,1856
H0964,69,3600,10,0,1857
H0965,51,5300,16,0,1858
H0966,37,2600,8,0,1859
H0966,56,3800,12,0.15,1860
H0966,62,4900,12,0.15,1861
H0967,19,900,12,0,1862
H0967,49,2000,40,0,1863
H0968,12,3800,30,0,1864
H0968,24,500,30,0,1865
H0968,64,3300,4,0,1866
H0969,46,1200,9,0,1867
H0970,52,700,40,0.2,1868
H0971,29,12400,14,0,1869
H0972,17,3900,6,0,1870
H0972,33,300,7,0,1871
H0973,26,3100,5,0,1872
H0973,41,1000,6,0,1873
H0973,75,800,10,0,1874
H0974,63,4400,10,0,1875
H0975,8,4000,16,0,1876
H0975,75,800,10,0,1877
H0976,28,4600,20,0,1878
H0977,39,1800,30,0,1879
H0977,47,1000,30,0,1880
H0977,51,5300,10,0,1881
H0977,63,4400,20,0,1882
H0978,8,4000,20,0.15,1883
H0978,21,1000,40,0.15,1884
H0978,40,1800,10,0,1885
H0978,44,1900,6,0.15,1886
H0979,7,3000,18,0,1887
H0979,12,3800,20,0,1888
H0979,24,500,80,0,1889
H0979,27,4400,30,0,1890
H0979,31,1300,24,0,1891
H0979,63,4400,35,0,1892
H0980,75,800,40,0.2,1893
H0981,38,26400,60,0,1894
H0982,7,3000,20,0,1895
H0982,43,4600,9,0,1896
H0983,13,600,84,0.15,1897
H0983,57,2000,15,0,1898
H0984,16,1700,55,0,1899
H0984,24,500,20,0,1900
H0984,36,1900,40,0,1901
H0985,16,1700,36,0.1,1902
H0985,18,6300,8,0.1,1903
H0985,32,3200,35,0.1,1904
H0986,11,2100,30,0,1905
H0986,20,8100,15,0,1906
H0986,76,1800,10,0,1907
H0986,77,1300,15,0,1908
H0987,7,3000,60,0,1909
H0987,43,4600,6,0,1910
H0987,72,3500,20,0,1911
H0988,7,3000,60,0,1912
H0988,62,4900,40,0.1,1913
H0989,6,2500,40,0,1914
H0989,11,2100,15,0,1915
H0989,41,1000,4,0,1916
H0990,21,1000,65,0,1917
H0990,34,1400,60,0.15,1918
H0990,55,2400,65,0.15,1919
H0990,61,2900,66,0.15,1920
H0991,2,1900,50,0.2,1921
H0991,70,1500,20,0.2,1922
H0991,76,1800,90,0.2,1923
H0992,72,3500,2,0,1924
H0993,29,12400,50,0.25,1925
H0993,41,1000,35,0.25,1926
H0994,59,5500,18,0.05,1927
H0995,51,5300,20,0,1928
H0995,60,3400,4,0,1929
H0996,42,1400,40,0,1930
H0997,32,3200,50,0,1931
H0997,46,1200,20,0.25,1932
H0997,52,700,20,0.25,1933
H0998,24,500,12,0,1934
H0998,61,2900,7,0,1935
H0998,74,1000,20,0,1936
H0998,75,800,30,0,1937
H0999,41,1000,20,0.05,1938
H0999,51,5300,15,0.05,1939
H0999,77,1300,21,0.05,1940
H1000,4,2200,25,0.25,1941
H1000,24,500,30,0.25,1942
H1000,77,1300,30,0,1943
H1001,7,3000,60,0,1944
H1001,22,2100,25,0,1945
H1001,46,1200,25,0,1946
H1001,55,2400,6,0,1947
H1002,13,600,56,0,1948
H1002,35,1800,15,0.15,1949
H1002,42,1400,24,0.15,1950
H1002,55,2400,40,0,1951
H1003,1,1800,4,0,1952
H1003,40,1800,10,0,1953
H1003,52,700,10,0,1954
H1004,26,3100,6,0,1955
H1004,76,1800,6,0,1956
H1005,1,1800,2,0,1957
H1005,59,5500,10,0,1958
H1006,1,1800,8,0,1959
H1006,29,12400,2,0.25,1960
H1007,8,4000,30,0,1961
H1007,29,12400,10,0,1962
H1007,42,1400,14,0,1963
H1008,28,4600,70,0.05,1964
H1008,34,1400,90,0.05,1965
H1008,71,2200,21,0,1966
H1009,24,500,12,0,1967
H1009,36,1900,18,0.25,1968
H1009,60,3400,9,0,1969
H1010,7,3000,20,0,1970
H1010,24,500,10,0,1971
H1011,58,1300,40,0.05,1972
H1011,71,2200,20,0,1973
H1012,19,900,50,0.05,1974
H1012,60,3400,36,0.05,1975
H1012,71,2200,60,0.05,1976
H1013,23,900,10,0,1977
H1013,42,1400,4,0,1978
H1013,45,1000,20,0,1979
H1013,68,1300,2,0,1980
H1014,41,1000,28,0.1,1981
H1015,30,2600,15,0,1982
H1015,77,1300,18,0,1983
H1016,31,1300,15,0,1984
H1016,36,1900,16,0,1985
H1017,3,1000,25,0,1986
H1017,59,5500,110,0,1987
H1017,70,1500,30,0,1988
H1018,12,3800,20,0,1989
H1018,18,6300,10,0,1990
H1018,56,3800,5,0,1991
H1019,46,1200,3,0,1992
H1019,49,2000,2,0,1993
H1020,10,3100,24,0.15,1994
H1021,2,1900,11,0.25,1995
H1021,20,8100,15,0,1996
H1021,26,3100,63,0,1997
H1021,51,5300,44,0.25,1998
H1021,72,3500,35,0,1999
H1022,19,900,35,0,2000
H1022,69,3600,30,0,2001
H1023,7,3000,4,0,2002
H1023,43,4600,30,0,2003
H1024,26,3100,12,0,2004
H1024,33,300,30,0,2005
H1024,65,2100,21,0,2006
H1024,71,2200,50,0,2007
H1025,1,1800,10,0.1,2008
H1025,13,600,20,0.1,2009
H1026,18,6300,8,0,2010
H1026,51,5300,10,0,2011
H1027,24,500,30,0.25,2012
H1027,62,4900,21,0.25,2013
H1028,55,2400,35,0,2014
H1028,59,5500,24,0,2015
H1029,56,3800,20,0,2016
H1029,63,4400,12,0,2017
H1030,2,1900,100,0.25,2018
H1030,5,2100,70,0,2019
H1030,29,12400,60,0.25,2020
H1030,59,5500,100,0.25,2021
H1031,1,1800,45,0,2022
H1031,13,600,80,0,2023
H1031,24,500,21,0,2024
H1031,64,3300,20,0,2025
H1031,71,2200,16,0,2026
H1032,36,1900,35,0,2027
H1032,38,26400,25,0,2028
H1032,59,5500,30,0,2029
H1033,53,3300,70,0.1,2030
H1033,69,3600,36,0.1,2031
H1034,21,1000,15,0.1,2032
H1034,44,1900,12,0,2033
H1034,61,2900,6,0,2034
H1035,1,1800,10,0,2035
H1035,35,1800,60,0,2036
H1035,42,1400,30,0,2037
H1035,54,700,10,0,2038
H1036,13,600,7,0,2039
H1036,59,5500,30,0,2040
H1037,70,1500,4,0,2041
H1038,40,1800,5,0.2,2042
H1038,52,700,2,0,2043
H1038,71,2200,30,0,2044
H1039,28,4600,20,0,2045
H1039,35,1800,24,0,2046
H1039,49,2000,60,0,2047
H1039,57,2000,28,0,2048
H1040,21,1000,20,0,2049
H1041,2,1900,30,0.2,2050
H1041,63,4400,30,0,2051
H1042,44,1900,15,0,2052
H1042,61,2900,4,0,2053
H1043,11,2100,10,0,2054
H1044,62,4900,12,0,2055
H1045,33,300,15,0,2056
H1045,51,5300,24,0,2057
H1046,12,3800,20,0.05,2058
H1046,32,3200,15,0.05,2059
H1046,35,1800,18,0.05,2060
H1047,1,1800,25,0.25,2061
H1047,5,2100,30,0.25,2062
H1048,68,1300,42,0,2063
H1049,2,1900,10,0.2,2064
H1049,12,3800,4,0.2,2065
H1050,76,1800,50,0.1,2066
H1051,24,500,10,0.2,2067
H1052,43,4600,30,0.2,2068
H1052,61,2900,10,0.2,2069
H1053,18,6300,35,0.2,2070
H1053,32,3200,20,0,2071
H1053,64,3300,25,0.2,2072
H1054,33,300,10,0,2073
H1054,67,1400,20,0,2074
H1055,24,500,15,0,2075
H1055,25,1400,15,0,2076
H1055,51,5300,20,0,2077
H1055,57,2000,20,0,2078
H1056,7,3000,40,0,2079
H1056,55,2400,35,0,2080
H1056,60,3400,50,0,2081
H1057,70,1500,3,0,2082
H1058,21,1000,3,0,2083
H1058,60,3400,21,0,2084
H1058,61,2900,4,0,2085
H1059,13,600,30,0,2086
H1059,17,3900,12,0,2087
H1059,60,3400,35,0,2088
H1060,60,3400,4,0,2089
H1060,77,1300,10,0,2090
H1061,60,3400,15,0,2091
H1062,53,3300,10,0.2,2092
H1062,70,1500,12,0.2,2093
H1063,34,1400,30,0,2094
H1063,40,1800,40,0.1,2095
H1063,41,1000,30,0.1,2096
H1064,17,3900,77,0.1,2097
H1064,41,1000,12,0,2098
H1064,53,3300,25,0.1,2099
H1064,55,2400,4,0.1,2100
H1064,68,1300,55,0,2101
H1065,30,2600,4,0.25,2102
H1065,54,700,20,0.25,2103
H1066,16,1700,3,0,2104
H1066,19,900,42,0,2105
H1066,34,1400,35,0,2106
H1067,41,1000,9,0,2107
H1068,28,4600,8,0.15,2108
H1068,43,4600,36,0.15,2109
H1068,77,1300,28,0.15,2110
H1069,39,1800,20,0,2111
H1070,1,1800,40,0.15,2112
H1070,2,1900,20,0.15,2113
H1070,16,1700,30,0.15,2114
H1070,31,1300,20,0,2115
H1071,7,3000,15,0.05,2116
H1071,13,600,10,0.05,2117
H1072,2,1900,8,0,2118
H1072,41,1000,40,0,2119
H1072,50,1600,22,0,2120
H1072,64,3300,130,0,2121
H1073,11,2100,10,0,2122
H1073,24,500,20,0,2123
H1074,16,1700,14,0.05,2124
H1075,2,1900,10,0.15,2125
H1075,46,1200,30,0.15,2126
H1075,76,1800,2,0.15,2127
H1076,6,2500,20,0.25,2128
H1076,14,2300,20,0.25,2129
H1076,19,900,10,0.25,2130
