주문세부번호,할인율,주문수량,단가,주문번호,제품번호
1,0,12,1400,H0248,11
2,0,10,1000,H0248,42
3,0,5,3500,H0248,72
4,0,9,1900,H0249,14
5,0,40,4200,H0249,51
6,0,10,800,H0250,41
7,0.15,35,4200,H0250,51
8,0.15,15,1700,H0250,65
9,0.05,6,1700,H0251,22
10,0.05,15,1600,H0251,57
11,0,20,1700,H0251,65
12,0.05,40,6500,H0252,20
13,0.05,25,200,H0252,33
14,0,40,2700,H0252,60
15,0,20,1000,H0253,31
16,0,42,1400,H0253,39
17,0,40,1600,H0253,49
18,0.15,15,400,H0254,24
19,0.15,21,1900,H0254,55
20,0,21,800,H0254,74
21,0,20,1500,H0255,2
22,0,35,1400,H0255,16
23,0,25,1500,H0255,36
24,0,30,4400,H0255,59
25,0,15,2600,H0256,53
26,0,12,1000,H0256,77
27,0,25,3500,H0257,27
28,0,6,1400,H0257,39
29,0,15,1000,H0257,77
30,0.2,50,1500,H0258,2
31,0.2,65,1700,H0258,5
32,0.2,6,2600,H0258,32
33,0,10,800,H0259,21
34,0,1,2100,H0259,37
35,0.25,16,800,H0260,41
36,0,50,1600,H0260,57
37,0.25,15,3900,H0260,62
38,0.25,21,1200,H0260,70
39,0,20,800,H0261,21
40,0,20,1400,H0261,35
41,0.2,12,1700,H0262,5
42,0,15,2400,H0262,7
43,0,2,3000,H0262,56
44,0.25,60,1400,H0263,16
45,0,28,400,H0263,24
46,0.25,60,2100,H0263,30
47,0.25,36,800,H0263,74
48,0,35,1500,H0264,2
49,0.15,25,800,H0264,41
50,0,30,3100,H0265,17
51,0,20,1200,H0265,70
52,0.05,12,3000,H0266,12
53,0,50,1500,H0267,40
54,0.15,70,4400,H0267,59
55,0.15,15,1400,H0267,76
56,0,10,9900,H0268,29
57,0,4,2800,H0268,72
58,0.05,60,200,H0269,33
59,0.05,20,2800,H0269,72
60,0,30,1500,H0270,36
61,0,25,3700,H0270,43
62,0,24,200,H0271,33
63,0,6,6500,H0272,20
64,0,40,1000,H0272,31
65,0,24,2800,H0272,72
66,0.05,24,2500,H0273,10
67,0.05,15,1000,H0273,31
68,0,20,200,H0273,33
69,0.05,60,1500,H0273,40
70,0.05,33,1400,H0273,76
71,0,20,1700,H0274,71
72,0,7,2800,H0274,72
73,0.05,12,400,H0275,24
74,0.05,6,4400,H0275,59
75,0,15,2500,H0276,10
76,0,10,500,H0276,13
77,0,20,3600,H0277,28
78,0,12,3900,H0277,62
79,0,16,1600,H0278,44
80,0,15,4400,H0278,59
81,0,8,3500,H0278,63
82,0,25,1200,H0278,73
83,0.25,15,3100,H0279,17
84,0,12,400,H0280,24
85,0,20,1900,H0280,55
86,0,30,600,H0280,75
87,0,1,700,H0281,19
88,0,6,400,H0281,24
89,0,4,1400,H0281,35
90,0,6,2100,H0282,30
91,0,2,1600,H0282,57
92,0,20,1200,H0283,15
93,0,18,700,H0283,19
94,0,35,2700,H0283,60
95,0,3,2800,H0283,72
96,0.25,15,3500,H0284,27
97,0,21,1600,H0284,44
98,0.25,20,2700,H0284,60
99,0.25,5,1100,H0284,67
100,0.2,45,1400,H0285,1
101,0.2,40,1500,H0285,40
102,0.2,36,2600,H0285,53
103,0,100,1400,H0286,35
104,0,40,3900,H0286,62
105,0.15,40,1400,H0287,16
106,0,20,1100,H0287,34
107,0.15,15,1000,H0287,46
108,0.1,10,600,H0288,54
109,0.1,3,1000,H0288,68
110,0,30,800,H0289,3
111,0,9,2700,H0289,64
112,0,20,1700,H0290,5
113,0,15,9900,H0290,29
114,0,15,1600,H0290,49
115,0,10,1000,H0290,77
116,0.1,20,500,H0291,13
117,0.1,24,1600,H0291,44
118,0.1,2,4200,H0291,51
119,0,20,6500,H0292,20
120,0,12,5000,H0293,18
121,0,10,400,H0293,24
122,0,5,3500,H0293,63
123,0,6,600,H0293,75
124,0,18,1400,H0294,1
125,0,15,3100,H0294,17
126,0,15,3700,H0294,43
127,0,21,2700,H0294,60
128,0,6,600,H0294,75
129,0,4,3000,H0295,56
130,0,12,1700,H0296,11
131,0,30,1400,H0296,16
132,0,15,2900,H0296,69
133,0,60,1400,H0297,39
134,0,20,2800,H0297,72
135,0,40,1500,H0298,2
136,0.25,40,1500,H0298,36
137,0.25,30,4400,H0298,59
138,0,15,3900,H0298,62
139,0,15,700,H0299,19
140,0,20,1200,H0299,70
141,0,30,1400,H0300,66
142,0,20,1000,H0300,68
143,0,10,1500,H0301,40
144,0,20,3000,H0301,56
145,0,40,3100,H0302,17
146,0,28,3600,H0302,28
147,0,12,3700,H0302,43
148,0.1,40,1500,H0303,40
149,0.1,30,1700,H0303,65
150,0.1,15,1000,H0303,68
151,0,30,1600,H0304,49
152,0,10,4400,H0304,59
153,0,2,1700,H0304,71
154,0.1,25,5000,H0305,18
155,0.1,25,9900,H0305,29
156,0.1,30,1400,H0305,39
157,0,10,2100,H0306,30
158,0,10,2600,H0306,53
159,0,5,600,H0306,54
160,0,10,3900,H0307,62
161,0,3,1000,H0307,68
162,0,1,2900,H0308,69
163,0,5,1200,H0308,70
164,0,20,1800,H0309,4
165,0,30,2000,H0309,6
166,0,2,1100,H0309,42
167,0,20,3700,H0309,43
168,0,3,1700,H0309,71
169,0,10,1400,H0310,16
170,0,5,3900,H0310,62
171,0,6,1100,H0311,42
172,0,7,2900,H0311,69
173,0,4,3600,H0312,28
174,0,24,3700,H0312,43
175,0,20,2600,H0312,53
176,0,10,600,H0312,75
177,0,12,1500,H0313,36
178,0.1,40,2600,H0314,32
179,0.1,30,1100,H0314,58
180,0.1,25,3900,H0314,62
181,0,14,1100,H0315,34
182,0,30,1200,H0315,70
183,0,10,800,H0316,41
184,0,70,3900,H0316,62
185,0,20,1400,H0317,1
186,0,20,800,H0318,41
187,0,6,1400,H0318,76
188,0,8,3100,H0319,17
189,0,14,3600,H0319,28
190,0,30,1400,H0319,76
191,0,30,1700,H0320,71
192,0,10,1400,H0321,35
193,0,20,600,H0322,52
194,0,5,1200,H0323,15
195,0,4,1100,H0323,25
196,0,4,1400,H0323,39
197,0.15,21,1400,H0324,16
198,0.15,70,1400,H0324,35
199,0,30,1000,H0324,46
200,0.15,40,4400,H0324,59
201,0.15,80,3500,H0324,63
202,0,6,2000,H0325,6
203,0,12,500,H0325,13
204,0,9,1900,H0325,14
205,0,4,1000,H0325,31
206,0,40,2800,H0325,72
207,0,24,1800,H0326,4
208,0,16,1600,H0326,57
209,0,50,600,H0326,75
210,0.2,25,1500,H0327,2
211,0.2,50,1700,H0327,11
212,0.2,35,2100,H0327,30
213,0.2,30,1100,H0327,58
214,0,9,4400,H0328,59
215,0,40,1700,H0328,65
216,0,10,1000,H0328,68
217,0.05,10,700,H0329,19
218,0.05,8,2100,H0329,30
219,0.05,20,21100,H0329,38
220,0.05,12,3000,H0329,56
221,0.15,50,2500,H0330,26
222,0.15,25,2800,H0330,72
223,0,15,600,H0331,54
224,0.2,40,5000,H0332,18
225,0.2,10,1100,H0332,42
226,0.2,16,800,H0332,47
227,0,10,1900,H0333,14
228,0.1,10,800,H0333,21
229,0.1,40,1700,H0333,71
230,0,8,600,H0334,52
231,0,10,1000,H0334,68
232,0.2,7,1500,H0335,2
233,0.2,25,1000,H0335,31
234,0.2,6,2600,H0335,32
235,0.2,48,4200,H0335,51
236,0.1,18,1800,H0336,4
237,0,40,700,H0337,23
238,0,24,2500,H0337,26
239,0,20,1500,H0337,36
240,0,28,2100,H0337,37
241,0,25,2800,H0337,72
242,0,20,3100,H0338,17
243,0,15,2100,H0338,30
244,0,10,1800,H0339,4
245,0.05,70,3100,H0339,17
246,0,28,3900,H0339,62
247,0.05,20,5000,H0340,18
248,0.05,12,800,H0340,41
249,0.05,40,3700,H0340,43
250,0,8,200,H0341,33
251,0.15,9,4400,H0341,59
252,0.2,24,1500,H0342,2
253,0.2,56,1000,H0342,31
254,0.2,40,1500,H0342,36
255,0.2,40,1900,H0342,55
256,0,50,2700,H0343,64
257,0.05,4,1000,H0343,68
258,0,15,1400,H0343,76
259,0,35,1800,H0344,4
260,0.25,70,3200,H0344,8
261,0,70,3200,H0345,8
262,0,80,700,H0345,19
263,0,9,1100,H0345,42
264,0.1,36,3100,H0346,17
265,0,20,3000,H0346,56
266,0,10,1100,H0347,25
267,0.15,50,1400,H0347,39
268,0,4,1500,H0347,40
269,0.15,6,600,H0347,75
270,0.15,15,1400,H0348,1
271,0,25,700,H0348,23
272,0,24,600,H0349,54
273,0.1,15,1300,H0350,50
274,0.1,18,2900,H0350,69
275,0.05,20,21100,H0351,38
276,0,13,800,H0351,41
277,0.05,77,1600,H0351,44
278,0.05,10,1700,H0351,65
279,0,10,400,H0352,24
280,0.15,20,600,H0352,54
281,0.2,12,1700,H0353,11
282,0.2,50,21100,H0353,38
283,0,12,1400,H0354,1
284,0,4,9900,H0354,29
285,0,25,400,H0355,24
286,0,25,1600,H0355,57
287,0,30,1000,H0356,31
288,0,12,1900,H0356,55
289,0,20,2900,H0356,69
290,0.2,30,2500,H0357,10
291,0,16,2500,H0357,26
292,0.2,8,2700,H0357,60
293,0.05,10,400,H0358,24
294,0.05,10,1100,H0358,34
295,0.05,20,1500,H0358,36
296,0.05,56,1400,H0359,16
297,0.05,70,1000,H0359,31
298,0.05,80,2700,H0359,60
299,0,30,3600,H0360,28
300,0,35,9900,H0360,29
301,0,10,21100,H0360,38
302,0,35,1600,H0360,49
303,0,28,600,H0360,54
304,0.1,54,1400,H0361,39
305,0.1,55,2700,H0361,60
306,0,50,1100,H0362,25
307,0,20,4200,H0362,51
308,0,24,600,H0362,54
309,0,20,1000,H0363,31
310,0,12,600,H0363,75
311,0,12,1400,H0363,76
312,0,30,2900,H0364,69
313,0,5,1700,H0364,71
314,0,24,1700,H0365,11
315,0,5,1700,H0366,65
316,0,5,1000,H0366,77
317,0,36,1100,H0367,34
318,0,18,600,H0367,54
319,0,15,1700,H0367,65
320,0,7,1000,H0367,77
321,0.1,5,800,H0368,21
322,0.1,13,3600,H0368,28
323,0,25,1600,H0368,57
324,0.1,35,2700,H0368,64
325,0,20,9900,H0369,29
326,0.25,18,3000,H0369,56
327,0.15,15,1400,H0370,1
328,0,30,2700,H0370,64
329,0.15,20,800,H0370,74
330,0.2,6,1500,H0371,36
331,0.25,12,6500,H0372,20
332,0.25,40,21100,H0372,38
333,0.25,70,2700,H0372,60
334,0.25,42,2800,H0372,72
335,0.2,80,1100,H0373,58
336,0.2,50,1700,H0373,71
337,0,30,1000,H0374,31
338,0,15,1100,H0374,58
339,0,15,1900,H0375,14
340,0,10,600,H0375,54
341,0.05,42,1000,H0376,31
342,0.15,20,3600,H0377,28
343,0.15,20,1400,H0377,39
344,0,6,1700,H0378,71
345,0.1,8,800,H0379,41
346,0.1,16,3500,H0379,63
347,0.1,20,1700,H0379,65
348,0.1,18,2100,H0380,30
349,0.1,20,2600,H0380,53
350,0.1,6,2700,H0380,60
351,0,30,1200,H0380,70
352,0,14,800,H0381,74
353,0,32,1700,H0382,5
354,0,9,5000,H0382,18
355,0,14,9900,H0382,29
356,0,60,200,H0382,33
357,0,50,800,H0382,74
358,0,20,500,H0383,13
359,0,15,1300,H0383,50
360,0,20,3000,H0383,56
361,0,28,6500,H0384,20
362,0,15,2700,H0384,60
363,0.2,10,2400,H0385,7
364,0.2,20,2700,H0385,60
365,0.2,8,1000,H0385,68
366,0,15,400,H0386,24
367,0,10,1100,H0386,34
368,0,15,400,H0387,24
369,0,6,3600,H0387,28
370,0,12,4400,H0387,59
371,0,15,1700,H0387,71
372,0.2,15,800,H0388,45
373,0.2,20,600,H0388,52
374,0,40,2600,H0388,53
375,0,16,2500,H0389,10
376,0,15,1900,H0389,55
377,0,20,3900,H0389,62
378,0,30,1200,H0389,70
379,0.1,60,1000,H0390,31
380,0.1,40,1400,H0390,35
381,0,45,1000,H0390,46
382,0.1,24,2800,H0390,72
383,0,18,500,H0391,13
384,0,50,2900,H0392,69
385,0.25,25,1500,H0393,2
386,0.25,42,1900,H0393,14
387,0.25,7,1100,H0393,25
388,0.25,70,2500,H0393,26
389,0,32,1000,H0393,31
390,0,10,500,H0394,13
391,0,10,3900,H0394,62
392,0.1,28,1000,H0395,46
393,0.1,70,2600,H0395,53
394,0,8,2900,H0395,69
395,0,40,700,H0396,23
396,0,60,1700,H0396,71
397,0,21,2800,H0396,72
398,0.15,10,800,H0397,21
399,0.15,18,4200,H0397,51
400,0,30,1400,H0398,35
401,0.1,120,1900,H0398,55
402,0,60,1000,H0399,68
403,0,30,1700,H0399,71
404,0,35,1400,H0399,76
405,0,14,1000,H0399,77
406,0,21,9900,H0400,29
407,0,35,1400,H0400,35
408,0,30,1600,H0400,49
409,0,18,2100,H0401,30
410,0,70,3000,H0401,56
411,0,20,1700,H0401,65
412,0,60,1700,H0401,71
413,0,60,700,H0402,23
414,0,65,3500,H0402,63
415,0.15,21,1400,H0403,16
416,0.15,70,1000,H0403,48
417,0.05,30,2500,H0404,26
418,0.05,40,1100,H0404,42
419,0.05,30,1600,H0404,49
420,0,50,800,H0405,3
421,0,10,1400,H0406,1
422,0.1,30,800,H0406,21
423,0.1,42,3600,H0406,28
424,0.1,5,1500,H0406,36
425,0.1,2,1500,H0406,40
426,0,30,1700,H0407,11
427,0,15,2900,H0407,69
428,0,15,1700,H0407,71
429,0,10,2100,H0408,37
430,0,6,600,H0408,54
431,0,35,3900,H0408,62
432,0,12,1900,H0409,14
433,0,12,800,H0409,21
434,0,49,200,H0410,33
435,0,16,4400,H0410,59
436,0.2,25,800,H0411,41
437,0.2,40,1600,H0411,44
438,0.2,9,4400,H0411,59
439,0.1,20,1900,H0412,14
440,0,24,1400,H0413,1
441,0,40,3900,H0413,62
442,0,14,1400,H0413,76
443,0.05,18,700,H0414,19
444,0,50,200,H0414,33
445,0,2,3100,H0415,17
446,0,20,200,H0415,33
447,0,20,700,H0416,19
448,0,10,2600,H0416,53
449,0,20,1600,H0416,57
450,0,50,21100,H0417,38
451,0.25,2,1000,H0417,46
452,0.25,36,1000,H0417,68
453,0,35,1000,H0417,77
454,0,60,1500,H0418,2
455,0,55,800,H0418,47
456,0,16,2300,H0418,61
457,0,15,800,H0418,74
458,0.05,60,2700,H0419,60
459,0.05,20,2900,H0419,69
460,0.1,20,7800,H0420,9
461,0.1,2,500,H0420,13
462,0.1,8,1200,H0420,70
463,0.1,20,1200,H0420,73
464,0.15,4,700,H0421,19
465,0,30,2500,H0421,26
466,0.15,15,2600,H0421,53
467,0.15,10,1000,H0421,77
468,0,2,2500,H0422,26
469,0,14,1000,H0423,31
470,0,20,4400,H0423,59
471,0.2,60,1400,H0424,35
472,0.2,49,21100,H0424,38
473,0.2,30,1000,H0424,68
474,0.25,10,1900,H0425,55
475,0.25,20,1400,H0425,76
476,0,5,3000,H0426,56
477,0,7,2700,H0426,64
478,0,35,1900,H0427,14
479,0,20,1000,H0428,46
480,0,40,1300,H0429,50
481,0.25,35,3500,H0429,63
482,0.2,45,3100,H0430,17
483,0,50,800,H0430,21
484,0,30,3000,H0430,56
485,0.2,70,4400,H0430,59
486,0.25,50,3100,H0431,17
487,0.25,50,1500,H0431,40
488,0.25,30,800,H0431,47
489,0,10,2500,H0432,26
490,0,40,600,H0432,54
491,0,28,3000,H0433,56
492,0,6,1700,H0434,11
493,0.15,18,1400,H0434,76
494,0,10,1500,H0435,2
495,0,12,1700,H0435,22
496,0,10,2800,H0435,72
497,0,5,1000,H0436,46
498,0.1,40,3000,H0436,56
499,0.1,30,2700,H0436,64
500,0.1,24,600,H0436,75
501,0,15,2600,H0437,53
502,0.2,15,700,H0438,19
503,0.2,20,1100,H0438,34
504,0.2,15,1600,H0438,57
505,0,15,3000,H0439,12
506,0,16,1400,H0439,16
507,0,6,2700,H0439,64
508,0,30,800,H0439,74
509,0.15,45,1500,H0440,2
510,0.15,49,1400,H0440,16
511,0.15,24,9900,H0440,29
512,0.15,90,2300,H0440,61
513,0,50,3500,H0441,27
514,0,30,1700,H0442,11
515,0,80,600,H0442,54
516,0,60,1400,H0442,66
517,0.2,6,1700,H0443,11
518,0,12,3600,H0443,28
519,0,10,3100,H0444,17
520,0,15,2500,H0444,26
521,0,8,1400,H0444,35
522,0,30,800,H0444,41
523,0,6,1400,H0445,39
524,0,15,600,H0445,54
525,0.1,12,700,H0446,19
526,0.1,20,400,H0446,24
527,0.1,3,1000,H0446,31
528,0.1,15,600,H0446,52
529,0,40,700,H0447,19
530,0,35,1700,H0447,65
531,0,2,1700,H0447,71
532,0,6,2500,H0448,26
533,0,20,1500,H0448,40
534,0,14,2500,H0449,10
535,0,20,600,H0449,52
536,0,35,3900,H0449,62
537,0.2,20,2500,H0450,10
538,0.2,6,600,H0450,54
539,0.1,120,1900,H0451,55
540,0.1,35,2700,H0451,64
541,0.1,28,1700,H0451,65
542,0.1,55,1000,H0451,77
543,0,15,3600,H0452,28
544,0.05,100,1600,H0452,44
545,0.1,15,1000,H0453,48
546,0.1,25,1200,H0453,70
547,0.2,20,1400,H0454,16
548,0.2,20,200,H0454,33
549,0.2,10,1000,H0454,46
550,0,20,1400,H0455,39
551,0,50,2600,H0455,53
552,0,25,2300,H0455,61
553,0,30,1700,H0455,71
554,0.15,40,800,H0456,21
555,0.15,21,1600,H0456,49
556,0,36,4400,H0457,59
557,0,30,2500,H0458,26
558,0,30,3600,H0458,28
559,0,20,3700,H0458,43
560,0,15,3000,H0458,56
561,0,50,1700,H0458,71
562,0.05,16,2400,H0459,7
563,0.05,20,1000,H0459,46
564,0,40,2800,H0459,72
565,0.25,21,1000,H0460,68
566,0.25,4,600,H0460,75
567,0.25,40,800,H0461,21
568,0.25,28,2100,H0461,30
569,0.25,60,1900,H0461,55
570,0,1,500,H0462,13
571,0,21,700,H0462,23
572,0,21,700,H0463,19
573,0,50,1100,H0463,42
574,0.2,16,1800,H0464,4
575,0,3,3700,H0464,43
576,0.2,30,3000,H0464,56
577,0,20,2700,H0464,60
578,0,25,400,H0465,24
579,0.1,18,9900,H0465,29
580,0,20,1500,H0465,40
581,0.1,30,800,H0465,45
582,0,25,1300,H0465,50
583,0,10,1700,H0466,11
584,0,5,1000,H0466,46
585,0,28,400,H0467,24
586,0,12,1100,H0467,25
587,0,8,2100,H0468,30
588,0,15,3700,H0468,43
589,0.15,40,1500,H0469,2
590,0.15,35,1400,H0469,16
591,0.15,2,1600,H0469,44
592,0,30,5000,H0470,18
593,0,15,700,H0470,23
594,0,8,2700,H0470,64
595,0,30,2400,H0471,7
596,0,20,3000,H0471,56
597,0.05,80,400,H0472,24
598,0,18,4200,H0472,51
599,0,12,200,H0473,33
600,0,12,1700,H0473,71
601,0,12,1900,H0474,14
602,0,18,3600,H0474,28
603,0,21,1500,H0474,40
604,0,10,600,H0474,75
605,0.15,35,1000,H0475,31
606,0.15,60,1400,H0475,66
607,0.15,42,1400,H0475,76
608,0.05,2,1900,H0476,55
609,0,12,1200,H0476,70
610,0,15,1400,H0477,1
611,0.25,21,800,H0477,21
612,0.25,20,1400,H0477,39
613,0.05,20,2500,H0478,10
614,0,30,21100,H0479,38
615,0,28,2600,H0479,53
616,0,60,4400,H0479,59
617,0,30,2700,H0479,64
618,0,30,800,H0480,47
619,0,12,4400,H0480,59
620,0,24,1600,H0481,49
621,0,40,2700,H0481,60
622,0,10,1500,H0482,40
623,0.05,35,1100,H0483,34
624,0.05,30,1000,H0483,77
625,0,14,800,H0484,21
626,0,10,1500,H0484,40
627,0,3,4200,H0484,51
628,0.1,20,1500,H0485,2
629,0.1,20,800,H0485,3
630,0.1,30,1900,H0485,55
631,0.1,60,1200,H0485,70
632,0,5,1700,H0486,11
633,0,25,4200,H0486,51
634,0,16,800,H0486,74
635,0,5,700,H0487,19
636,0,30,2500,H0487,26
637,0.25,24,600,H0487,54
638,0,30,4400,H0488,59
639,0.2,20,1200,H0488,73
640,0.25,15,1700,H0489,11
641,0,18,1400,H0489,16
642,0,60,4400,H0490,59
643,0,30,1000,H0490,68
644,0,36,600,H0490,75
645,0.15,15,1600,H0491,44
646,0.15,7,1000,H0491,77
647,0.05,60,1100,H0492,25
648,0.05,20,1100,H0492,42
649,0.1,15,1700,H0493,65
650,0.1,10,1400,H0493,66
651,0.1,10,2900,H0493,69
652,0,30,3000,H0494,56
653,0,10,700,H0495,23
654,0,20,800,H0495,41
655,0,5,1000,H0495,77
656,0.05,20,1000,H0496,31
657,0,14,3000,H0497,56
658,0,25,2800,H0497,72
659,0,25,1000,H0497,77
660,0,14,500,H0498,24
661,0,5,1800,H0498,40
662,0,30,1400,H0498,42
663,0,20,4600,H0499,28
664,0,25,2000,H0499,49
665,0.05,12,1600,H0500,15
666,0.05,8,4600,H0500,28
667,0,20,700,H0501,54
668,0,21,1000,H0502,45
669,0,6,3300,H0502,53
670,0,30,1400,H0502,67
671,0,70,2300,H0503,14
672,0,20,2100,H0503,65
673,0,12,1900,H0504,2
674,0,12,1000,H0504,21
675,0,10,3300,H0504,53
676,0,25,2900,H0504,61
677,0,3,4900,H0505,62
678,0.1,18,1400,H0506,25
679,0.1,14,1500,H0506,70
680,0.15,15,4600,H0507,43
681,0.15,15,1300,H0507,48
682,0,10,600,H0508,13
683,0,10,1800,H0508,39
684,0,3,4600,H0509,28
685,0,36,12400,H0510,29
686,0.1,36,800,H0510,75
687,0.15,50,2200,H0511,4
688,0.15,50,3000,H0511,7
689,0.15,10,4000,H0511,8
690,0.15,10,500,H0512,24
691,0.15,9,1200,H0512,46
692,0.15,6,1000,H0512,47
693,0.15,12,3400,H0512,60
694,0.2,40,1000,H0513,21
695,0.2,50,3200,H0513,32
696,0.2,15,2900,H0513,61
697,0,39,8100,H0514,20
698,0,35,4600,H0514,28
699,0,70,3800,H0514,56
700,0,39,2100,H0514,65
701,0,50,800,H0514,75
702,0.15,16,9700,H0515,9
703,0,50,1700,H0515,16
704,0,120,4400,H0515,27
705,0.15,16,300,H0515,33
706,0.15,84,3400,H0515,60
707,0.1,25,6300,H0516,18
708,0.1,80,1000,H0516,41
709,0,20,1400,H0516,42
710,0,6,700,H0517,52
711,0,4,5500,H0517,59
712,0,6,1500,H0517,70
713,0,5,500,H0518,24
714,0,15,26400,H0518,38
715,0,9,1900,H0518,44
716,0.05,16,3100,H0519,10
717,0,40,3800,H0519,56
718,0.05,10,3400,H0519,60
719,0,8,500,H0520,24
720,0,5,3300,H0520,53
721,0,3,1800,H0521,35
722,0,10,1000,H0521,41
723,0,6,1300,H0521,68
724,0.2,40,1800,H0522,1
725,0,24,4000,H0522,8
726,0.2,20,2600,H0522,30
727,0.2,25,1800,H0522,40
728,0.1,25,3900,H0523,17
729,0.1,15,8100,H0523,20
730,0.1,18,2600,H0523,37
731,0.1,6,1000,H0523,41
732,0,2,3100,H0524,10
733,0,10,2600,H0524,30
734,0,60,4600,H0524,43
735,0,15,700,H0524,54
736,0,30,1900,H0525,36
737,0.1,15,1800,H0525,40
738,0.15,8,1800,H0526,1
739,0,10,600,H0526,13
740,0.15,30,3800,H0526,56
741,0.1,50,2200,H0527,4
742,0.1,30,1900,H0527,36
743,0,3,2100,H0528,11
744,0.2,8,300,H0528,33
745,0,9,3500,H0528,72
746,0,14,2400,H0529,55
747,0,20,1300,H0529,68
748,0,10,3600,H0529,69
749,0,40,3900,H0530,17
750,0,25,4600,H0530,43
751,0,20,2900,H0530,61
752,0,50,1800,H0530,76
753,0,2,5500,H0531,59
754,0,15,2600,H0532,30
755,0,24,1700,H0532,66
756,0.05,50,2200,H0533,4
757,0,24,3500,H0533,72
758,0.05,24,1500,H0533,73
759,0,10,2600,H0534,30
760,0.2,10,1800,H0534,40
761,0.2,10,700,H0534,54
762,0.1,50,2100,H0535,11
763,0.1,10,1800,H0535,40
764,0.1,5,2000,H0535,57
765,0.1,15,5500,H0535,59
766,0.25,15,3800,H0536,12
767,0,20,1300,H0536,31
768,0,30,300,H0536,33
769,0.25,35,3400,H0536,60
770,0,30,1300,H0537,31
771,0,6,5300,H0537,51
772,0,20,1300,H0537,58
773,0,21,3500,H0537,72
774,0,9,1500,H0537,73
775,0,7,1500,H0538,70
776,0,1,3500,H0538,72
777,0,8,600,H0539,13
778,0,15,1000,H0539,21
779,0,15,300,H0539,33
780,0,6,2000,H0539,49
781,0,60,1000,H0540,3
782,0,40,3100,H0540,26
783,0,30,26400,H0540,38
784,0,35,1300,H0540,68
785,0.1,35,500,H0541,24
786,0.1,4,26400,H0541,38
787,0.1,36,2100,H0541,65
788,0.1,9,2200,H0541,71
789,0.05,15,2100,H0542,11
790,0.05,24,700,H0542,54
791,0.15,30,3800,H0543,12
792,0.15,70,900,H0543,23
793,0,7,4600,H0544,28
794,0,7,1400,H0544,67
795,0,10,2100,H0545,11
796,0,10,3000,H0546,7
797,0,30,1800,H0546,35
798,0,40,4900,H0546,62
799,0.15,24,3200,H0547,32
800,0,60,1900,H0547,36
801,0.25,10,1400,H0548,34
802,0,14,1000,H0548,41
803,0.15,55,1300,H0549,31
804,0.15,100,1000,H0549,45
805,0.15,48,5300,H0549,51
806,0.1,8,3900,H0550,17
807,0,10,900,H0550,19
808,0.1,6,1000,H0550,21
809,0.1,10,2900,H0550,61
810,0.15,40,1700,H0551,16
811,0.15,20,1800,H0551,35
812,0,40,1900,H0551,44
813,0,18,3600,H0552,69
814,0,30,800,H0552,75
815,0,15,2100,H0553,11
816,0,14,1700,H0553,16
817,0,24,2100,H0553,22
818,0,30,1300,H0553,31
819,0,6,1800,H0553,35
820,0.05,30,1700,H0554,16
821,0.05,20,900,H0554,23
822,0.05,20,4900,H0554,62
823,0.05,10,1300,H0554,77
824,0.2,30,2300,H0555,14
825,0.2,35,900,H0555,19
826,0.2,18,500,H0555,24
827,0.2,20,5300,H0555,51
828,0.2,40,3800,H0555,56
829,0,24,3500,H0556,72
830,0,30,3300,H0557,64
831,0,20,800,H0557,75
832,0,25,1000,H0558,47
833,0,20,5300,H0558,51
834,0,30,700,H0558,52
835,0,18,3300,H0558,53
836,0,3,1500,H0558,73
837,0.05,12,1000,H0559,41
838,0.05,18,2400,H0559,55
839,0,20,2600,H0560,30
840,0.25,15,4900,H0560,62
841,0,10,1900,H0561,44
842,0,50,5300,H0561,51
843,0.1,20,300,H0562,33
844,0.1,10,4900,H0562,62
845,0,25,1900,H0563,36
846,0,70,700,H0563,52
847,0.05,16,3900,H0564,17
848,0.05,6,1300,H0564,31
849,0.05,25,2400,H0564,55
850,0.1,25,500,H0565,24
851,0.1,18,3300,H0565,64
852,0.15,35,2100,H0566,11
853,0.15,18,6300,H0566,18
854,0,10,1800,H0566,76
855,0.2,60,1300,H0567,31
856,0,3,5300,H0567,51
857,0.2,40,5500,H0567,59
858,0,5,3100,H0568,10
859,0.2,35,1300,H0569,31
860,0,30,1800,H0569,76
861,0.05,15,2100,H0570,11
862,0.05,60,3800,H0570,56
863,0.15,11,2300,H0571,14
864,0.15,28,1400,H0571,42
865,0.1,12,1700,H0572,16
866,0.1,10,3200,H0572,32
867,0,50,1800,H0572,40
868,0.1,15,800,H0572,75
869,0,18,3900,H0573,17
870,0,40,1400,H0573,34
871,0,25,3300,H0573,53
872,0,14,300,H0574,33
873,0,2,1800,H0574,40
874,0,10,4900,H0574,62
875,0,6,3300,H0574,64
876,0,12,5500,H0575,59
877,0,6,4400,H0575,63
878,0,30,3500,H0575,72
879,0,10,1800,H0575,76
880,0,10,1800,H0576,1
881,0,20,1300,H0576,31
882,0,21,1900,H0576,44
883,0,10,1800,H0577,39
884,0,20,800,H0577,75
885,0,18,1300,H0577,77
886,0,20,1800,H0578,35
887,0,6,2000,H0578,57
888,0,10,1600,H0579,15
889,0,21,800,H0579,75
890,0.05,15,2300,H0580,14
891,0.05,9,1000,H0580,41
892,0.05,30,2100,H0580,65
893,0.2,50,800,H0581,75
894,0,4,2000,H0582,57
895,0,14,1800,H0582,76
896,0,10,12400,H0583,29
897,0.15,24,3400,H0583,60
898,0.15,10,3600,H0583,69
899,0.05,50,1300,H0584,31
900,0,15,1000,H0585,47
901,0.15,4,700,H0586,52
902,0,6,3100,H0587,26
903,0,20,1800,H0587,35
904,0,20,1300,H0587,77
905,0.2,40,6300,H0588,18
906,0.2,100,1400,H0588,42
907,0,4,1800,H0589,35
908,0,20,1800,H0590,1
909,0.05,60,1300,H0590,77
910,0,14,1000,H0591,3
911,0,10,3000,H0591,7
912,0,50,700,H0591,54
913,0.05,25,1600,H0592,15
914,0.05,5,3100,H0592,26
915,0.2,21,8100,H0593,20
916,0.2,20,3600,H0593,69
917,0.2,4,1800,H0593,76
918,0,24,700,H0594,52
919,0,30,1300,H0594,58
920,0.25,30,1800,H0595,35
921,0.25,120,2900,H0595,61
922,0.25,65,3600,H0595,69
923,0.2,5,3800,H0596,56
924,0.2,24,4400,H0596,63
925,0.2,30,800,H0596,75
926,0.2,35,500,H0597,24
927,0,20,2000,H0597,57
928,0.2,12,2100,H0597,65
929,0,50,4400,H0598,27
930,0,9,2200,H0598,71
931,0,10,4900,H0599,62
932,0,4,700,H0600,54
933,0,30,1500,H0600,73
934,0,60,600,H0601,13
935,0,35,5500,H0601,59
936,0.25,5,1300,H0602,77
937,0,48,2100,H0603,22
938,0.05,25,2000,H0603,49
939,0.1,6,1300,H0604,48
940,0.1,10,1800,H0604,76
941,0.05,30,1700,H0605,16
942,0.05,20,5500,H0605,59
943,0.05,70,3400,H0605,60
944,0.05,15,2200,H0605,71
945,0.2,20,2200,H0606,4
946,0.2,20,2400,H0606,55
947,0.2,10,4900,H0606,62
948,0,45,3000,H0607,7
949,0,100,3900,H0607,17
950,0,14,300,H0607,33
951,0,42,1800,H0607,40
952,0,12,3500,H0607,72
953,0,28,3800,H0608,56
954,0,3,1800,H0609,1
955,0,10,3100,H0609,10
956,0,6,1000,H0609,21
957,0.25,21,1900,H0610,36
958,0,6,1800,H0611,1
959,0,10,1900,H0611,2
960,0,15,3400,H0611,60
961,0,70,3100,H0612,10
962,0,55,1900,H0612,36
963,0,18,2000,H0612,49
964,0,40,3400,H0612,60
965,0,80,1800,H0612,76
966,0.1,8,600,H0613,13
967,0,40,800,H0613,75
968,0,14,2100,H0614,11
969,0,8,1000,H0614,21
970,0,5,1800,H0614,39
971,0,5,2400,H0615,55
972,0.05,15,26400,H0616,38
973,0,14,3800,H0616,56
974,0.05,15,1500,H0616,70
975,0.05,15,2200,H0616,71
976,0.15,30,5500,H0617,59
977,0,70,2500,H0618,6
978,0,20,3800,H0618,56
979,0,15,1300,H0618,68
980,0,42,1000,H0619,21
981,0,40,2100,H0619,22
982,0,5,500,H0620,24
983,0,5,700,H0620,52
984,0,5,900,H0621,19
985,0,10,900,H0621,23
986,0,20,1500,H0621,70
987,0,15,2200,H0621,71
988,0,20,1900,H0622,2
989,0.2,18,1300,H0622,68
990,0,21,2300,H0623,14
991,0.1,15,900,H0623,19
992,0.1,25,1000,H0623,21
993,0,3,500,H0623,24
994,0.1,30,1800,H0623,35
995,0,10,4600,H0624,28
996,0,6,12400,H0624,29
997,0,10,1900,H0624,44
998,0,3,2300,H0625,14
999,0,5,1400,H0625,42
1000,0,10,3400,H0625,60
1001,0,12,3300,H0626,53
1002,0,20,3400,H0626,60
1003,0,20,2200,H0626,71
1004,0,15,4900,H0627,62
1005,0.15,35,1500,H0627,73
1006,0,25,1800,H0628,1
1007,0,20,12400,H0629,29
1008,0,9,3300,H0629,64
1009,0.05,12,2400,H0630,55
1010,0,35,1800,H0630,76
1011,0.1,8,800,H0631,75
1012,0.05,30,1900,H0632,2
1013,0.05,20,300,H0632,33
1014,0.15,36,3800,H0633,12
1015,0.15,13,600,H0633,13
1016,0.15,35,3100,H0633,26
1017,0.15,80,4900,H0633,62
1018,0,35,3000,H0634,7
1019,0,50,6300,H0634,18
1020,0,15,5300,H0634,51
1021,0,2,800,H0634,75
1022,0.1,10,2200,H0635,4
1023,0.1,15,2100,H0635,5
1024,0,40,2100,H0635,22
1025,0,25,2200,H0636,4
1026,0,6,1300,H0636,58
1027,0,10,2100,H0637,11
1028,0.05,25,1600,H0637,50
1029,0.05,60,3800,H0637,56
1030,0,20,1000,H0638,45
1031,0,21,2100,H0638,65
1032,0,60,3500,H0638,72
1033,0,8,6300,H0639,18
1034,0.25,20,3600,H0640,69
1035,0.25,15,1500,H0640,70
1036,0,50,1900,H0641,2
1037,0,60,1800,H0641,40
1038,0.2,30,1000,H0642,21
1039,0.2,20,2900,H0642,61
1040,0.25,15,4600,H0643,28
1041,0.25,21,1800,H0643,39
1042,0.25,2,1200,H0643,46
1043,0.1,4,6300,H0644,18
1044,0,20,4600,H0644,43
1045,0.1,21,1200,H0644,46
1046,0,20,6300,H0645,18
1047,0,15,1900,H0645,36
1048,0.25,15,1800,H0646,1
1049,0.25,18,3100,H0646,10
1050,0.25,30,2200,H0646,71
1051,0.25,35,1300,H0646,77
1052,0,30,900,H0647,19
1053,0,20,1800,H0647,39
1054,0,15,2100,H0648,22
1055,0.15,15,500,H0648,24
1056,0,20,4600,H0649,28
1057,0,15,3500,H0649,72
1058,0,30,2600,H0650,30
1059,0.05,25,3300,H0650,53
1060,0,30,700,H0650,54
1061,0.25,12,900,H0651,19
1062,0.25,20,2100,H0651,22
1063,0.25,2,2600,H0652,30
1064,0,20,1400,H0652,42
1065,0.1,30,1700,H0653,16
1066,0.1,20,3400,H0653,60
1067,0.1,12,2200,H0654,4
1068,0.1,20,1800,H0654,39
1069,0.1,6,700,H0654,54
1070,0.2,20,1000,H0655,41
1071,0.1,3,2300,H0656,14
1072,0.1,28,1900,H0656,44
1073,0.1,6,1000,H0656,47
1074,0,50,1600,H0657,15
1075,0,24,1000,H0657,41
1076,0,45,1200,H0657,46
1077,0,10,1000,H0657,47
1078,0,45,3800,H0657,56
1079,0,30,3400,H0657,60
1080,0,60,1000,H0658,21
1081,0.05,70,1800,H0658,40
1082,0.05,55,3400,H0658,60
1083,0.05,70,1300,H0658,77
1084,0.05,20,1300,H0659,31
1085,0.05,24,1800,H0659,40
1086,0.05,40,1500,H0659,70
1087,0,21,8100,H0660,20
1088,0.2,3,1800,H0661,39
1089,0.2,49,1300,H0661,58
1090,0,10,1300,H0662,68
1091,0.05,30,1800,H0663,40
1092,0.05,30,1400,H0663,42
1093,0.05,20,5300,H0663,51
1094,0.15,24,3100,H0664,10
1095,0.15,12,3800,H0664,56
1096,0.15,15,2100,H0664,65
1097,0,20,5300,H0665,51
1098,0,1,5500,H0665,59
1099,0,10,1800,H0665,76
1100,0,36,12400,H0666,29
1101,0,10,2100,H0666,65
1102,0.2,45,3600,H0667,69
1103,0.2,14,2200,H0667,71
1104,0.1,8,1300,H0668,31
1105,0.1,4,2400,H0668,55
1106,0.1,15,3300,H0668,64
1107,0,30,1900,H0669,36
1108,0,32,900,H0670,23
1109,0,60,1200,H0670,46
1110,0,25,1400,H0670,67
1111,0,50,1500,H0670,73
1112,0,25,800,H0670,75
1113,0,10,1700,H0671,16
1114,0,10,4900,H0671,62
1115,0,12,2100,H0671,65
1116,0.1,15,26400,H0672,38
1117,0,12,2200,H0672,71
1118,0,3,1700,H0673,16
1119,0,6,1400,H0673,42
1120,0,6,4600,H0673,43
1121,0,5,900,H0674,23
1122,0,30,2300,H0675,14
1123,0,10,3300,H0675,53
1124,0,30,1300,H0675,58
1125,0,2,3100,H0676,10
1126,0,7,900,H0676,19
1127,0,21,1900,H0676,44
1128,0.15,30,3100,H0677,26
1129,0.15,8,300,H0677,33
1130,0,100,3800,H0678,12
1131,0,30,300,H0678,33
1132,0,120,1000,H0678,41
1133,0,30,700,H0678,54
1134,0,12,5500,H0679,59
1135,0.25,50,1700,H0680,16
1136,0.25,20,1300,H0680,31
1137,0.25,40,1400,H0680,42
1138,0.1,30,900,H0681,19
1139,0.1,12,1000,H0681,21
1140,0,28,3300,H0681,64
1141,0,30,300,H0682,33
1142,0,4,1700,H0682,66
1143,0,30,800,H0682,75
1144,0,9,700,H0683,52
1145,0,20,1800,H0684,40
1146,0,40,1000,H0684,47
1147,0,30,3400,H0684,60
1148,0,20,3100,H0685,10
1149,0,4,1000,H0685,41
1150,0,15,1000,H0685,47
1151,0.2,30,3900,H0686,17
1152,0,15,3100,H0686,26
1153,0.25,50,9700,H0687,9
1154,0,10,12400,H0687,29
1155,0.25,6,1900,H0687,36
1156,0.1,18,3100,H0688,10
1157,0.1,60,4600,H0688,28
1158,0,14,1400,H0688,34
1159,0.25,35,1800,H0689,1
1160,0.25,20,3800,H0690,56
1161,0.25,30,1300,H0690,77
1162,0,30,1800,H0691,1
1163,0,40,12400,H0691,29
1164,0,40,4600,H0691,43
1165,0,24,1900,H0691,44
1166,0,48,4900,H0691,62
1167,0,20,1000,H0692,21
1168,0,6,9700,H0693,9
1169,0.15,60,700,H0693,54
1170,0.15,30,3600,H0693,69
1171,0.15,15,1500,H0693,73
1172,0,90,3000,H0694,7
1173,0,25,5500,H0694,59
1174,0,50,1500,H0694,70
1175,0,10,4000,H0695,8
1176,0,4,3800,H0695,12
1177,0,20,500,H0695,24
1178,0,20,3900,H0696,17
1179,0,18,1200,H0696,46
1180,0.25,7,900,H0697,19
1181,0.25,9,1800,H0697,35
1182,0.25,30,1300,H0697,58
1183,0.25,30,1500,H0697,70
1184,0,15,2100,H0698,11
1185,0.05,8,3900,H0698,17
1186,0.05,12,12400,H0698,29
1187,0.05,65,2100,H0698,65
1188,0.05,8,1500,H0698,70
1189,0,12,1000,H0699,47
1190,0.2,5,1800,H0700,1
1191,0.2,12,1400,H0700,34
1192,0.2,40,1300,H0700,68
1193,0.2,60,2200,H0700,71
1194,0.15,42,5500,H0701,59
1195,0.15,20,2200,H0701,71
1196,0.15,35,1800,H0701,76
1197,0,6,26400,H0702,38
1198,0,15,1600,H0702,76
1199,0,5,1900,H0703,2
1200,0,35,5500,H0703,59
1201,0,35,1500,H0703,73
1202,0,6,2200,H0704,4
1203,0,35,500,H0704,24
1204,0,24,1300,H0704,48
1205,0,20,1300,H0705,31
1206,0,4,3200,H0705,32
1207,0,20,1700,H0706,16
1208,0,24,4600,H0706,43
1209,0,8,5500,H0706,59
1210,0,21,2400,H0707,55
1211,0,40,2000,H0707,57
1212,0.15,28,1500,H0707,70
1213,0,4,2100,H0708,5
1214,0,5,1900,H0708,36
1215,0,40,4000,H0709,8
1216,0,28,5300,H0709,51
1217,0,10,3400,H0709,60
1218,0,5,900,H0710,19
1219,0,5,1000,H0710,47
1220,0,12,900,H0711,19
1221,0,42,1000,H0711,41
1222,0,120,3300,H0711,53
1223,0.05,3,3300,H0712,53
1224,0,30,3800,H0712,56
1225,0,18,3100,H0713,10
1226,0,30,3100,H0713,26
1227,0,110,1000,H0713,45
1228,0,24,1200,H0713,46
1229,0.25,30,1900,H0714,2
1230,0.25,27,3900,H0714,17
1231,0.25,50,1000,H0714,47
1232,0.25,18,3800,H0714,56
1233,0.25,12,1300,H0714,58
1234,0,21,3100,H0715,10
1235,0,30,2200,H0715,71
1236,0,5,1000,H0716,21
1237,0,7,5300,H0716,51
1238,0,10,2900,H0716,61
1239,0.05,32,1000,H0717,21
1240,0,15,700,H0717,54
1241,0.05,25,3600,H0717,69
1242,0,36,3800,H0718,12
1243,0,20,1700,H0718,16
1244,0,40,1900,H0718,36
1245,0,20,4900,H0718,62
1246,0.25,12,6300,H0719,18
1247,0.25,3,2600,H0719,30
1248,0.25,40,700,H0719,54
1249,0,21,1800,H0720,35
1250,0,8,2200,H0720,71
1251,0.05,50,1900,H0721,44
1252,0,3,1900,H0722,2
1253,0,50,1300,H0722,31
1254,0,45,1300,H0722,68
1255,0,42,800,H0722,75
1256,0,15,3100,H0723,26
1257,0,16,3100,H0724,10
1258,0,5,2900,H0724,61
1259,0,12,1000,H0725,41
1260,0,4,700,H0725,52
1261,0,6,2400,H0725,55
1262,0,25,2200,H0726,4
1263,0,5,2100,H0726,11
1264,0.05,20,3900,H0727,17
1265,0.05,10,3800,H0727,56
1266,0.05,10,5500,H0727,59
1267,0,15,2600,H0728,30
1268,0,6,1800,H0728,40
1269,0,12,2400,H0728,55
1270,0,15,3400,H0728,60
1271,0,50,1800,H0729,1
1272,0,30,1000,H0729,21
1273,0,40,1600,H0729,50
1274,0.05,15,1700,H0730,16
1275,0.05,3,1300,H0730,31
1276,0.05,10,2100,H0730,65
1277,0.05,40,1000,H0731,21
1278,0.05,30,5300,H0731,51
1279,0,20,1800,H0732,76
1280,0,16,2300,H0733,14
1281,0,20,4600,H0733,28
1282,0,25,700,H0733,52
1283,0,30,2500,H0734,6
1284,0,15,2600,H0734,30
1285,0,20,1800,H0734,76
1286,0.1,20,2900,H0735,61
1287,0.1,2,1300,H0735,77
1288,0,40,2100,H0736,65
1289,0,20,800,H0736,75
1290,0,4,600,H0737,13
1291,0,12,1000,H0737,41
1292,0,3,1700,H0738,16
1293,0,6,1900,H0739,36
1294,0,18,700,H0739,52
1295,0.2,5,4600,H0740,28
1296,0.2,35,1800,H0740,35
1297,0.2,40,1000,H0740,45
1298,0.2,14,3800,H0740,56
1299,0.2,15,1900,H0741,2
1300,0,20,1000,H0742,3
1301,0,50,3400,H0742,60
1302,0,35,3500,H0742,72
1303,0.05,28,1200,H0743,46
1304,0.2,50,1800,H0744,40
1305,0,24,6300,H0745,18
1306,0,16,1900,H0745,44
1307,0,45,5500,H0745,59
1308,0,7,3500,H0745,72
1309,0,6,600,H0746,13
1310,0,28,1400,H0746,42
1311,0,9,4900,H0746,62
1312,0,40,3600,H0746,69
1313,0,8,1300,H0747,31
1314,0,35,1000,H0747,41
1315,0,9,4400,H0747,63
1316,0,30,3600,H0747,69
1317,0,44,900,H0748,23
1318,0,40,1800,H0748,40
1319,0,28,3800,H0748,56
1320,0,15,3800,H0749,56
1321,0,6,5500,H0749,59
1322,0,10,1800,H0749,76
1323,0.15,5,2300,H0750,14
1324,0.15,40,1000,H0750,45
1325,0.15,25,5500,H0750,59
1326,0.1,12,3100,H0751,26
1327,0,30,2600,H0751,30
1328,0.1,20,1600,H0751,50
1329,0,15,1500,H0751,73
1330,0,8,1800,H0752,1
1331,0,3,3600,H0752,69
1332,0,4,1000,H0753,45
1333,0,5,1000,H0753,74
1334,0,3,1800,H0754,40
1335,0.25,30,1000,H0755,47
1336,0.25,30,3800,H0755,56
1337,0.25,14,2000,H0755,57
1338,0.25,25,3600,H0755,69
1339,0.2,21,6300,H0756,18
1340,0.2,20,1900,H0756,36
1341,0.2,6,1300,H0756,68
1342,0.2,20,3600,H0756,69
1343,0,30,1400,H0757,34
1344,0,7,5500,H0757,59
1345,0,30,4900,H0757,62
1346,0,24,3300,H0757,64
1347,0,20,3100,H0758,26
1348,0,60,700,H0758,52
1349,0,40,1500,H0758,70
1350,0,10,3200,H0759,32
1351,0.25,12,1400,H0760,25
1352,0,40,4400,H0760,27
1353,0.25,30,4600,H0760,43
1354,0.25,35,1400,H0761,25
1355,0,18,800,H0761,75
1356,0,16,1800,H0762,39
1357,0,30,1000,H0762,47
1358,0,28,5300,H0762,51
1359,0,60,3800,H0762,56
1360,0,40,1000,H0763,21
1361,0,6,2100,H0763,22
1362,0,20,500,H0763,24
1363,0.1,20,1000,H0764,3
1364,0.1,130,1800,H0764,39
1365,0.1,80,2100,H0765,65
1366,0,40,1900,H0766,2
1367,0,35,3000,H0766,7
1368,0,40,1300,H0766,68
1369,0,2,1400,H0767,42
1370,0,4,2100,H0768,22
1371,0,50,1300,H0768,31
1372,0,15,3400,H0768,60
1373,0,12,2200,H0768,71
1374,0.05,30,1000,H0769,41
1375,0.05,15,700,H0769,52
1376,0,20,2900,H0769,61
1377,0,15,4900,H0769,62
1378,0.25,15,2100,H0770,11
1379,0,16,2200,H0771,71
1380,0,18,12400,H0772,29
1381,0,25,5500,H0772,59
1382,0,33,3900,H0773,17
1383,0.2,70,1300,H0773,31
1384,0.2,7,800,H0773,75
1385,0.25,2,1300,H0774,31
1386,0,50,1700,H0774,66
1387,0,6,3100,H0775,10
1388,0,3,1400,H0775,67
1389,0.05,16,1300,H0776,31
1390,0.05,12,1400,H0776,42
1391,0.05,27,1000,H0776,45
1392,0.05,120,5300,H0776,51
1393,0.2,20,1400,H0777,42
1394,0,10,1000,H0778,41
1395,0,20,1700,H0779,16
1396,0,20,4900,H0779,62
1397,0,35,1500,H0780,70
1398,0,15,1300,H0780,77
1399,0.2,3,700,H0781,54
1400,0.2,20,3800,H0781,56
1401,0,35,1000,H0781,74
1402,0,1,1300,H0782,31
1403,0,10,1300,H0783,31
1404,0,5,26400,H0783,38
1405,0,30,1900,H0784,36
1406,0.15,2,1800,H0784,39
1407,0.15,30,3500,H0784,72
1408,0,10,3100,H0785,10
1409,0,10,800,H0785,75
1410,0.2,30,4000,H0786,8
1411,0.2,15,2600,H0786,30
1412,0.2,42,800,H0786,75
1413,0.05,15,1900,H0787,2
1414,0.05,20,12400,H0787,29
1415,0.05,50,900,H0788,19
1416,0.05,40,800,H0788,75
1417,0,30,6300,H0789,18
1418,0,15,1800,H0789,35
1419,0,30,4400,H0789,63
1420,0,18,1300,H0789,68
1421,0.15,3,3000,H0790,7
1422,0.15,20,3800,H0790,56
1423,0.05,14,12400,H0791,29
1424,0.05,20,1000,H0791,41
1425,0,10,1900,H0792,2
1426,0,3,700,H0792,54
1427,0,15,1300,H0792,68
1428,0,14,1000,H0793,41
1429,0,8,700,H0793,52
1430,0.2,15,2300,H0794,14
1431,0.2,6,700,H0794,54
1432,0,65,1700,H0795,16
1433,0.25,35,3900,H0795,17
1434,0.2,21,3100,H0796,26
1435,0,10,1900,H0796,44
1436,0.2,35,3300,H0796,64
1437,0.2,24,3600,H0796,69
1438,0,20,2100,H0797,11
1439,0,2,4900,H0798,62
1440,0,10,3500,H0798,72
1441,0.15,20,600,H0799,13
1442,0.15,20,500,H0799,24
1443,0,25,5500,H0799,59
1444,0.1,50,2100,H0800,11
1445,0.1,10,5300,H0800,51
1446,0.1,7,700,H0800,54
1447,0.25,40,3900,H0801,17
1448,0.25,20,12400,H0801,29
1449,0.25,25,2600,H0802,30
1450,0.25,30,5300,H0802,51
1451,0.25,60,2400,H0802,55
1452,0.25,5,4900,H0802,62
1453,0.05,24,900,H0803,19
1454,0.05,15,1400,H0803,25
1455,0.05,15,5500,H0803,59
1456,0,36,3100,H0804,10
1457,0,24,4600,H0804,28
1458,0.15,4,2000,H0804,49
1459,0,10,1400,H0805,34
1460,0,10,26400,H0805,38
1461,0.25,20,1900,H0806,2
1462,0,2,2100,H0806,65
1463,0.25,15,1000,H0806,74
1464,0,1,1800,H0807,40
1465,0.15,20,3800,H0808,56
1466,0.15,50,1800,H0808,76
1467,0,20,700,H0809,52
1468,0,7,600,H0810,13
1469,0,5,1400,H0810,25
1470,0,5,1500,H0810,70
1471,0,15,900,H0811,19
1472,0,18,900,H0811,23
1473,0,30,1800,H0811,40
1474,0.1,16,1300,H0812,31
1475,0.1,40,3500,H0812,72
1476,0,20,1300,H0812,77
1477,0.2,12,1900,H0813,2
1478,0,35,1200,H0813,46
1479,0,20,1000,H0814,41
1480,0.15,20,4600,H0814,43
1481,0.15,8,1300,H0814,48
1482,0.15,30,2900,H0814,61
1483,0,16,300,H0815,33
1484,0.05,30,26400,H0816,38
1485,0.05,20,4900,H0816,62
1486,0.15,40,3100,H0817,26
1487,0,30,26400,H0817,38
1488,0.15,60,1800,H0817,40
1489,0.15,25,4900,H0817,62
1490,0,20,3200,H0818,32
1491,0,20,1000,H0818,41
1492,0,7,4600,H0819,43
1493,0,20,800,H0819,75
1494,0,30,3800,H0820,56
1495,0,20,1800,H0821,35
1496,0,6,5300,H0821,51
1497,0,3,4900,H0822,62
1498,0,6,1500,H0822,70
1499,0.1,20,2100,H0823,11
1500,0,15,2000,H0823,57
1501,0.1,40,5500,H0823,59
1502,0.1,15,1300,H0823,77
1503,0,12,1000,H0824,41
1504,0,9,1500,H0824,70
1505,0,12,3100,H0825,26
1506,0,20,3300,H0825,53
1507,0,35,1300,H0826,31
1508,0,15,2000,H0826,57
1509,0,15,3100,H0827,10
1510,0,21,1800,H0827,39
1511,0,5,8100,H0828,20
1512,0,2,26400,H0828,38
1513,0,10,1900,H0829,2
1514,0,20,4000,H0829,8
1515,0,10,600,H0829,13
1516,0,21,3400,H0829,60
1517,0,6,2500,H0830,6
1518,0,28,1800,H0830,39
1519,0,30,3400,H0830,60
1520,0,24,1300,H0830,68
1521,0,2,900,H0831,19
1522,0,8,1800,H0831,35
1523,0,8,26400,H0831,38
1524,0,9,4600,H0831,43
1525,0.2,3,600,H0832,13
1526,0.2,10,1400,H0832,25
1527,0.2,16,1900,H0832,44
1528,0,3,3300,H0832,64
1529,0.1,20,3000,H0833,7
1530,0.1,9,1300,H0833,31
1531,0.1,9,3300,H0833,53
1532,0.05,8,12400,H0834,29
1533,0.05,20,2600,H0834,30
1534,0,15,5500,H0835,59
1535,0.2,2,1300,H0835,77
1536,0,52,2100,H0836,22
1537,0,6,1800,H0836,35
1538,0,24,2000,H0836,57
1539,0,60,3400,H0836,60
1540,0,30,3300,H0836,64
1541,0,6,600,H0837,13
1542,0,25,1800,H0837,40
1543,0.25,40,1000,H0837,47
1544,0.25,21,1800,H0837,76
1545,0.25,4,1800,H0838,1
1546,0.25,25,6300,H0838,18
1547,0.25,50,1900,H0838,36
1548,0.1,30,1300,H0839,58
1549,0.1,15,3500,H0839,72
1550,0.2,6,1400,H0840,25
1551,0.2,10,1800,H0840,39
1552,0,16,3100,H0841,10
1553,0,30,3800,H0841,56
1554,0,50,5500,H0841,59
1555,0,15,1300,H0841,77
1556,0,15,2100,H0842,11
1557,0,5,4600,H0842,43
1558,0,20,1300,H0842,68
1559,0,12,1500,H0842,70
1560,0.25,4,5300,H0843,51
1561,0,35,2100,H0844,22
1562,0.1,70,900,H0845,23
1563,0.1,25,1800,H0845,35
1564,0.1,42,1400,H0845,42
1565,0.1,60,1300,H0845,58
1566,0,48,3300,H0845,64
1567,0,21,2200,H0846,4
1568,0,30,1500,H0846,70
1569,0,20,1000,H0846,74
1570,0.2,80,1800,H0847,1
1571,0.2,12,900,H0847,19
1572,0.2,60,2600,H0847,37
1573,0.2,36,1000,H0847,45
1574,0.2,45,3400,H0847,60
1575,0.2,55,2200,H0847,71
1576,0,30,2100,H0848,5
1577,0,3,9700,H0848,9
1578,0,49,1000,H0849,3
1579,0.15,18,3100,H0849,26
1580,0.15,20,1400,H0850,25
1581,0.15,4,300,H0850,33
1582,0.15,30,1500,H0850,70
1583,0.05,5,1900,H0851,2
1584,0.05,10,1400,H0851,25
1585,0.05,10,2000,H0851,57
1586,0.05,42,5500,H0851,59
1587,0,15,1900,H0852,2
1588,0,6,3900,H0852,17
1589,0,50,4900,H0852,62
1590,0,10,6300,H0853,18
1591,0.15,100,3100,H0854,10
1592,0.15,65,600,H0854,13
1593,0,50,1700,H0855,16
1594,0,14,1300,H0855,31
1595,0,24,3800,H0855,56
1596,0.15,15,2100,H0855,65
1597,0,20,1900,H0856,2
1598,0,20,1400,H0856,42
1599,0,30,1000,H0857,3
1600,0.25,35,3100,H0857,26
1601,0.25,10,12400,H0857,29
1602,0,5,3000,H0858,7
1603,0,10,4400,H0858,27
1604,0,4,1500,H0858,70
1605,0.25,40,500,H0859,24
1606,0.25,35,700,H0859,54
1607,0.25,30,3300,H0859,64
1608,0,3,5300,H0860,51
1609,0,20,1800,H0860,76
1610,0,42,3900,H0861,17
1611,0,20,6300,H0861,18
1612,0,40,1000,H0861,21
1613,0,35,300,H0861,33
1614,0,3,4900,H0861,62
1615,0,25,2100,H0862,11
1616,0,8,700,H0862,52
1617,0.15,20,1800,H0863,1
1618,0.15,12,1300,H0863,58
1619,0,4,1800,H0864,35
1620,0,15,1400,H0864,67
1621,0.05,60,26400,H0865,38
1622,0.05,80,1800,H0865,39
1623,0.25,21,1900,H0866,2
1624,0.25,6,500,H0866,24
1625,0.25,40,2600,H0866,30
1626,0,3,3300,H0867,53
1627,0,20,3100,H0868,26
1628,0,30,1800,H0868,35
1629,0.1,42,2000,H0868,49
1630,0,40,1800,H0869,1
1631,0,10,2100,H0869,11
1632,0,50,900,H0869,23
1633,0,20,1300,H0869,68
1634,0,3,1800,H0870,35
1635,0,2,5300,H0870,51
1636,0.05,50,2500,H0871,6
1637,0.05,12,1700,H0871,16
1638,0.05,16,3900,H0871,17
1639,0.05,10,2400,H0872,55
1640,0.05,20,4900,H0872,62
1641,0.05,15,3300,H0872,64
1642,0.05,21,2100,H0872,65
1643,0,20,1000,H0873,21
1644,0,3,4600,H0873,28
1645,0,10,3100,H0874,10
1646,0,25,900,H0875,19
1647,0.1,21,1000,H0875,47
1648,0,15,2000,H0875,49
1649,0,21,1200,H0876,46
1650,0,20,3300,H0876,64
1651,0.25,30,1700,H0877,16
1652,0,25,6300,H0877,18
1653,0.05,20,8100,H0878,20
1654,0,12,1800,H0879,40
1655,0,10,2100,H0879,65
1656,0,10,1800,H0879,76
1657,0.2,30,900,H0880,23
1658,0.2,30,2900,H0880,61
1659,0.2,50,1500,H0880,70
1660,0,10,1500,H0881,73
1661,0,25,1400,H0882,42
1662,0.15,20,2000,H0882,49
1663,0.15,32,700,H0882,54
1664,0,8,500,H0883,24
1665,0.05,40,1000,H0884,21
1666,0.05,21,3800,H0884,56
1667,0.05,12,2100,H0884,65
1668,0,20,1900,H0885,2
1669,0,12,500,H0885,24
1670,0,30,1500,H0885,70
1671,0,25,1300,H0885,77
1672,0,70,3100,H0886,10
1673,0,35,1300,H0886,31
1674,0,40,1300,H0886,77
1675,0,5,1400,H0887,25
1676,0,20,1900,H0888,2
1677,0,18,1300,H0888,68
1678,0,40,2100,H0889,11
1679,0,40,26400,H0889,38
1680,0,15,3900,H0890,17
1681,0,10,1400,H0890,34
1682,0,14,1000,H0890,41
1683,0.05,15,2600,H0891,30
1684,0.05,40,5500,H0892,59
1685,0,30,4000,H0893,8
1686,0,10,500,H0893,24
1687,0,24,12400,H0893,29
1688,0,35,2600,H0893,30
1689,0,20,1900,H0893,36
1690,0.05,28,600,H0894,13
1691,0.05,50,3600,H0894,69
1692,0.05,120,800,H0894,75
1693,0,110,500,H0895,24
1694,0,45,1800,H0895,39
1695,0,91,1800,H0895,40
1696,0,100,3400,H0895,60
1697,0,15,1000,H0896,45
1698,0,16,3800,H0896,56
1699,0,80,12400,H0897,29
1700,0,36,2600,H0897,30
1701,0,5,600,H0898,13
1702,0.15,8,1800,H0899,39
1703,0.25,3,1500,H0900,70
1704,0,30,1000,H0901,41
1705,0,30,2200,H0901,71
1706,0.15,30,2400,H0902,55
1707,0.15,6,4900,H0902,62
1708,0,40,600,H0903,13
1709,0,21,2100,H0903,65
1710,0,20,1300,H0903,68
1711,0,15,1300,H0904,58
1712,0,35,4900,H0904,62
1713,0.05,20,1800,H0905,1
1714,0,15,2900,H0906,61
1715,0,14,800,H0907,75
1716,0.05,20,3000,H0908,7
1717,0.05,14,700,H0908,52
1718,0,12,3000,H0909,7
1719,0,15,1700,H0909,16
1720,0,5,1000,H0909,41
1721,0,12,900,H0910,19
1722,0,10,2000,H0910,49
1723,0,5,2900,H0910,61
1724,0,10,1800,H0911,1
1725,0,12,3900,H0911,17
1726,0,15,1400,H0911,67
1727,0.25,40,2100,H0912,11
1728,0.25,60,12400,H0912,29
1729,0.25,30,2200,H0913,4
1730,0.25,40,300,H0913,33
1731,0,15,1300,H0913,58
1732,0,25,2200,H0914,71
1733,0,10,3900,H0915,17
1734,0,30,300,H0915,33
1735,0,10,700,H0915,54
1736,0,6,1700,H0916,16
1737,0,6,3200,H0916,32
1738,0,20,2000,H0916,57
1739,0,1,2600,H0917,30
1740,0,10,3400,H0917,60
1741,0.25,60,1800,H0918,1
1742,0.25,25,3400,H0918,60
1743,0,24,1700,H0919,16
1744,0,24,1400,H0919,25
1745,0,20,1800,H0919,40
1746,0,24,1600,H0920,50
1747,0,10,1800,H0921,35
1748,0,40,4400,H0921,63
1749,0,15,3900,H0922,17
1750,0,35,500,H0922,24
1751,0.2,10,1400,H0923,42
1752,0.2,10,4600,H0923,43
1753,0.2,24,1400,H0923,67
1754,0.1,20,3100,H0924,10
1755,0.1,30,4600,H0924,28
1756,0,6,800,H0924,75
1757,0.15,25,1900,H0925,36
1758,0.15,12,700,H0925,52
1759,0,2,2100,H0926,11
1760,0,10,600,H0926,13
1761,0,7,900,H0926,19
1762,0,10,3500,H0926,72
1763,0,5,8100,H0927,20
1764,0,5,700,H0927,52
1765,0,20,1800,H0927,76
1766,0,5,1000,H0928,47
1767,0,5,1800,H0928,76
1768,0,60,1000,H0929,21
1769,0,49,800,H0929,75
1770,0,15,1300,H0929,77
1771,0,36,1000,H0930,21
1772,0,25,4400,H0930,27
1773,0.2,25,2400,H0930,55
1774,0.2,30,1300,H0930,58
1775,0.15,42,600,H0931,13
1776,0,30,2000,H0931,57
1777,0.1,30,1700,H0932,16
1778,0.1,14,4900,H0932,62
1779,0,16,3500,H0932,72
1780,0.1,20,800,H0932,75
1781,0,2,3300,H0933,53
1782,0,30,2900,H0933,61
1783,0,20,2500,H0934,6
1784,0,21,1800,H0935,1
1785,0.25,4,6300,H0935,18
1786,0.25,8,900,H0935,23
1787,0.2,30,1900,H0936,36
1788,0,8,4600,H0937,28
1789,0,20,1400,H0937,34
1790,0.25,20,600,H0938,13
1791,0.25,24,4600,H0938,43
1792,0.25,49,3400,H0938,60
1793,0.25,35,2200,H0938,71
1794,0.15,10,1900,H0939,2
1795,0.15,40,1400,H0939,67
1796,0,8,3000,H0940,7
1797,0,20,600,H0940,13
1798,0.25,44,1300,H0941,31
1799,0.25,30,4900,H0941,62
1800,0.25,80,1300,H0941,68
1801,0,50,3500,H0941,72
1802,0,28,2000,H0942,49
1803,0,15,600,H0943,13
1804,0,21,2100,H0943,22
1805,0,15,1200,H0943,46
1806,0.25,5,2100,H0944,11
1807,0.25,18,1900,H0944,44
1808,0,18,3800,H0944,56
1809,0,20,600,H0945,13
1810,0,10,1300,H0945,31
1811,0,25,3100,H0946,10
1812,0,25,500,H0946,24
1813,0,40,1300,H0946,77
1814,0,4,5500,H0947,59
1815,0,9,1600,H0948,50
1816,0,40,5300,H0948,51
1817,0,4,2400,H0948,55
1818,0,12,2500,H0949,6
1819,0,30,3100,H0949,10
1820,0,6,3900,H0949,17
1821,0,60,4900,H0949,62
1822,0,5,2200,H0950,4
1823,0.05,15,300,H0951,33
1824,0.05,6,1000,H0951,41
1825,0.05,50,800,H0951,75
1826,0.05,16,2500,H0952,6
1827,0,2,4600,H0952,28
1828,0.05,50,8100,H0953,20
1829,0.05,50,1300,H0953,31
1830,0.15,28,1700,H0954,16
1831,0.15,25,1300,H0954,31
1832,0,30,1000,H0954,45
1833,0.15,24,3400,H0954,60
1834,0.2,12,800,H0955,75
1835,0,12,1000,H0956,21
1836,0,14,1000,H0956,47
1837,0,8,5300,H0956,51
1838,0,30,2600,H0957,30
1839,0,40,1800,H0957,35
1840,0,8,3300,H0957,64
1841,0,20,2100,H0958,5
1842,0,6,3000,H0958,7
1843,0,5,3500,H0958,72
1844,0.15,20,800,H0959,75
1845,0.25,10,500,H0960,24
1846,0,24,1000,H0960,41
1847,0.05,6,700,H0961,52
1848,0,60,1800,H0961,76
1849,0,45,3000,H0962,7
1850,0,77,600,H0962,13
1851,0,20,3300,H0962,53
1852,0,9,3600,H0962,69
1853,0,44,1800,H0962,76
1854,0.15,2,3400,H0963,60
1855,0,6,6300,H0964,18
1856,0,5,26400,H0964,38
1857,0,10,3600,H0964,69
1858,0,16,5300,H0965,51
1859,0,8,2600,H0966,37
1860,0.15,12,3800,H0966,56
1861,0.15,12,4900,H0966,62
1862,0,12,900,H0967,19
1863,0,40,2000,H0967,49
1864,0,30,3800,H0968,12
1865,0,30,500,H0968,24
1866,0,4,3300,H0968,64
1867,0,9,1200,H0969,46
1868,0.2,40,700,H0970,52
1869,0,14,12400,H0971,29
1870,0,6,3900,H0972,17
1871,0,7,300,H0972,33
1872,0,5,3100,H0973,26
1873,0,6,1000,H0973,41
1874,0,10,800,H0973,75
1875,0,10,4400,H0974,63
1876,0,16,4000,H0975,8
1877,0,10,800,H0975,75
1878,0,20,4600,H0976,28
1879,0,30,1800,H0977,39
1880,0,30,1000,H0977,47
1881,0,10,5300,H0977,51
1882,0,20,4400,H0977,63
1883,0.15,20,4000,H0978,8
1884,0.15,40,1000,H0978,21
1885,0,10,1800,H0978,40
1886,0.15,6,1900,H0978,44
1887,0,18,3000,H0979,7
1888,0,20,3800,H0979,12
1889,0,80,500,H0979,24
1890,0,30,4400,H0979,27
1891,0,24,1300,H0979,31
1892,0,35,4400,H0979,63
1893,0.2,40,800,H0980,75
1894,0,60,26400,H0981,38
1895,0,20,3000,H0982,7
1896,0,9,4600,H0982,43
1897,0.15,84,600,H0983,13
1898,0,15,2000,H0983,57
1899,0,55,1700,H0984,16
1900,0,20,500,H0984,24
1901,0,40,1900,H0984,36
1902,0.1,36,1700,H0985,16
1903,0.1,8,6300,H0985,18
1904,0.1,35,3200,H0985,32
1905,0,30,2100,H0986,11
1906,0,15,8100,H0986,20
1907,0,10,1800,H0986,76
1908,0,15,1300,H0986,77
1909,0,60,3000,H0987,7
1910,0,6,4600,H0987,43
1911,0,20,3500,H0987,72
1912,0,60,3000,H0988,7
1913,0.1,40,4900,H0988,62
1914,0,40,2500,H0989,6
1915,0,15,2100,H0989,11
1916,0,4,1000,H0989,41
1917,0,65,1000,H0990,21
1918,0.15,60,1400,H0990,34
1919,0.15,65,2400,H0990,55
1920,0.15,66,2900,H0990,61
1921,0.2,50,1900,H0991,2
1922,0.2,20,1500,H0991,70
1923,0.2,90,1800,H0991,76
1924,0,2,3500,H0992,72
1925,0.25,50,12400,H0993,29
1926,0.25,35,1000,H0993,41
1927,0.05,18,5500,H0994,59
1928,0,20,5300,H0995,51
1929,0,4,3400,H0995,60
1930,0,40,1400,H0996,42
1931,0,50,3200,H0997,32
1932,0.25,20,1200,H0997,46
1933,0.25,20,700,H0997,52
1934,0,12,500,H0998,24
1935,0,7,2900,H0998,61
1936,0,20,1000,H0998,74
1937,0,30,800,H0998,75
1938,0.05,20,1000,H0999,41
1939,0.05,15,5300,H0999,51
1940,0.05,21,1300,H0999,77
1941,0.25,25,2200,H1000,4
1942,0.25,30,500,H1000,24
1943,0,30,1300,H1000,77
1944,0,60,3000,H1001,7
1945,0,25,2100,H1001,22
1946,0,25,1200,H1001,46
1947,0,6,2400,H1001,55
1948,0,56,600,H1002,13
1949,0.15,15,1800,H1002,35
1950,0.15,24,1400,H1002,42
1951,0,40,2400,H1002,55
1952,0,4,1800,H1003,1
1953,0,10,1800,H1003,40
1954,0,10,700,H1003,52
1955,0,6,3100,H1004,26
1956,0,6,1800,H1004,76
1957,0,2,1800,H1005,1
1958,0,10,5500,H1005,59
1959,0,8,1800,H1006,1
1960,0.25,2,12400,H1006,29
1961,0,30,4000,H1007,8
1962,0,10,12400,H1007,29
1963,0,14,1400,H1007,42
1964,0.05,70,4600,H1008,28
1965,0.05,90,1400,H1008,34
1966,0,21,2200,H1008,71
1967,0,12,500,H1009,24
1968,0.25,18,1900,H1009,36
1969,0,9,3400,H1009,60
1970,0,20,3000,H1010,7
1971,0,10,500,H1010,24
1972,0.05,40,1300,H1011,58
1973,0,20,2200,H1011,71
1974,0.05,50,900,H1012,19
1975,0.05,36,3400,H1012,60
1976,0.05,60,2200,H1012,71
1977,0,10,900,H1013,23
1978,0,4,1400,H1013,42
1979,0,20,1000,H1013,45
1980,0,2,1300,H1013,68
1981,0.1,28,1000,H1014,41
1982,0,15,2600,H1015,30
1983,0,18,1300,H1015,77
1984,0,15,1300,H1016,31
1985,0,16,1900,H1016,36
1986,0,25,1000,H1017,3
1987,0,110,5500,H1017,59
1988,0,30,1500,H1017,70
1989,0,20,3800,H1018,12
1990,0,10,6300,H1018,18
1991,0,5,3800,H1018,56
1992,0,3,1200,H1019,46
1993,0,2,2000,H1019,49
1994,0.15,24,3100,H1020,10
1995,0.25,11,1900,H1021,2
1996,0,15,8100,H1021,20
1997,0,63,3100,H1021,26
1998,0.25,44,5300,H1021,51
1999,0,35,3500,H1021,72
2000,0,35,900,H1022,19
2001,0,30,3600,H1022,69
2002,0,4,3000,H1023,7
2003,0,30,4600,H1023,43
2004,0,12,3100,H1024,26
2005,0,30,300,H1024,33
2006,0,21,2100,H1024,65
2007,0,50,2200,H1024,71
2008,0.1,10,1800,H1025,1
2009,0.1,20,600,H1025,13
2010,0,8,6300,H1026,18
2011,0,10,5300,H1026,51
2012,0.25,30,500,H1027,24
2013,0.25,21,4900,H1027,62
2014,0,35,2400,H1028,55
2015,0,24,5500,H1028,59
2016,0,20,3800,H1029,56
2017,0,12,4400,H1029,63
2018,0.25,100,1900,H1030,2
2019,0,70,2100,H1030,5
2020,0.25,60,12400,H1030,29
2021,0.25,100,5500,H1030,59
2022,0,45,1800,H1031,1
2023,0,80,600,H1031,13
2024,0,21,500,H1031,24
2025,0,20,3300,H1031,64
2026,0,16,2200,H1031,71
2027,0,35,1900,H1032,36
2028,0,25,26400,H1032,38
2029,0,30,5500,H1032,59
2030,0.1,70,3300,H1033,53
2031,0.1,36,3600,H1033,69
2032,0.1,15,1000,H1034,21
2033,0,12,1900,H1034,44
2034,0,6,2900,H1034,61
2035,0,10,1800,H1035,1
2036,0,60,1800,H1035,35
2037,0,30,1400,H1035,42
2038,0,10,700,H1035,54
2039,0,7,600,H1036,13
2040,0,30,5500,H1036,59
2041,0,4,1500,H1037,70
2042,0.2,5,1800,H1038,40
2043,0,2,700,H1038,52
2044,0,30,2200,H1038,71
2045,0,20,4600,H1039,28
2046,0,24,1800,H1039,35
2047,0,60,2000,H1039,49
2048,0,28,2000,H1039,57
2049,0,20,1000,H1040,21
2050,0.2,30,1900,H1041,2
2051,0,30,4400,H1041,63
2052,0,15,1900,H1042,44
2053,0,4,2900,H1042,61
2054,0,10,2100,H1043,11
2055,0,12,4900,H1044,62
2056,0,15,300,H1045,33
2057,0,24,5300,H1045,51
2058,0.05,20,3800,H1046,12
2059,0.05,15,3200,H1046,32
2060,0.05,18,1800,H1046,35
2061,0.25,25,1800,H1047,1
2062,0.25,30,2100,H1047,5
2063,0,42,1300,H1048,68
2064,0.2,10,1900,H1049,2
2065,0.2,4,3800,H1049,12
2066,0.1,50,1800,H1050,76
2067,0.2,10,500,H1051,24
2068,0.2,30,4600,H1052,43
2069,0.2,10,2900,H1052,61
2070,0.2,35,6300,H1053,18
2071,0,20,3200,H1053,32
2072,0.2,25,3300,H1053,64
2073,0,10,300,H1054,33
2074,0,20,1400,H1054,67
2075,0,15,500,H1055,24
2076,0,15,1400,H1055,25
2077,0,20,5300,H1055,51
2078,0,20,2000,H1055,57
2079,0,40,3000,H1056,7
2080,0,35,2400,H1056,55
2081,0,50,3400,H1056,60
2082,0,3,1500,H1057,70
2083,0,3,1000,H1058,21
2084,0,21,3400,H1058,60
2085,0,4,2900,H1058,61
2086,0,30,600,H1059,13
2087,0,12,3900,H1059,17
2088,0,35,3400,H1059,60
2089,0,4,3400,H1060,60
2090,0,10,1300,H1060,77
2091,0,15,3400,H1061,60
2092,0.2,10,3300,H1062,53
2093,0.2,12,1500,H1062,70
2094,0,30,1400,H1063,34
2095,0.1,40,1800,H1063,40
2096,0.1,30,1000,H1063,41
2097,0.1,77,3900,H1064,17
2098,0,12,1000,H1064,41
2099,0.1,25,3300,H1064,53
2100,0.1,4,2400,H1064,55
2101,0,55,1300,H1064,68
2102,0.25,4,2600,H1065,30
2103,0.25,20,700,H1065,54
2104,0,3,1700,H1066,16
2105,0,42,900,H1066,19
2106,0,35,1400,H1066,34
2107,0,9,1000,H1067,41
2108,0.15,8,4600,H1068,28
2109,0.15,36,4600,H1068,43
2110,0.15,28,1300,H1068,77
2111,0,20,1800,H1069,39
2112,0.15,40,1800,H1070,1
2113,0.15,20,1900,H1070,2
2114,0.15,30,1700,H1070,16
2115,0,20,1300,H1070,31
2116,0.05,15,3000,H1071,7
2117,0.05,10,600,H1071,13
2118,0,8,1900,H1072,2
2119,0,40,1000,H1072,41
2120,0,22,1600,H1072,50
2121,0,130,3300,H1072,64
2122,0,10,2100,H1073,11
2123,0,20,500,H1073,24
2124,0.05,14,1700,H1074,16
2125,0.15,10,1900,H1075,2
2126,0.15,30,1200,H1075,46
2127,0.15,2,1800,H1075,76
2128,0.25,20,2500,H1076,6
2129,0.25,20,2300,H1076,14
2130,0.25,10,900,H1076,19
