주문번호,주문일,요청일,발송일,고객번호,사원번호
H0248,2020-03-12,2020-04-09,2020-03-24,NETVI,E04
H0249,2020-03-13,2020-04-24,2020-03-18,MSPTO,E06
H0250,2020-03-16,2020-04-13,2020-03-20,NARHA,E04
H0251,2020-03-16,2020-04-13,2020-03-23,CTEVI,E03
H0252,2020-03-17,2020-04-14,2020-03-19,PRDSU,E04
H0253,2020-03-18,2020-04-01,2020-03-24,NARHA,E03
H0254,2020-03-19,2020-04-16,2020-03-31,OPSCH,E04
H0255,2020-03-20,2020-04-17,2020-03-23,CSURI,E09
H0256,2020-03-23,2020-04-20,2020-03-25,LLIWE,E03
H0257,2020-03-24,2020-04-21,2020-03-30,LAAHI,E04
H0258,2020-03-25,2020-04-22,2020-03-31,NSHER,E01
H0259,2020-03-26,2020-04-23,2020-04-02,NTCCE,E04
H0260,2020-03-27,2020-04-24,2020-04-06,TIKOT,E04
H0261,2020-03-27,2020-04-24,2020-04-07,EDEQU,E04
H0262,2020-03-30,2020-04-27,2020-04-02,TTCRA,E07
H0263,2020-03-31,2020-04-28,2020-04-08,NSHER,E09
H0264,2020-04-01,2020-04-29,2020-05-01,LKOFO,E06
H0265,2020-04-02,2020-04-30,2020-04-20,ONPBL,E03
H0266,2020-04-03,2020-05-15,2020-04-08,RTHWA,E03
H0267,2020-04-06,2020-05-04,2020-04-14,ANKFR,E04
H0268,2020-04-07,2020-05-05,2020-04-10,OSRGR,E07
H0269,2020-04-08,2020-04-22,2020-04-17,ITCWH,E04
H0270,2020-04-09,2020-05-07,2020-04-10,RTHWA,E01
H0271,2020-04-09,2020-05-07,2020-05-08,LIRSP,E06
H0272,2020-04-10,2020-05-08,2020-04-14,TTCRA,E06
H0273,2020-04-13,2020-05-11,2020-04-20,ICKQU,E03
H0274,2020-04-14,2020-05-12,2020-04-24,NETVI,E06
H0275,2020-04-15,2020-05-13,2020-04-17,GAAMA,E01
H0276,2020-04-16,2020-04-30,2020-04-22,RTUTO,E07
H0277,2020-04-17,2020-05-15,2020-04-21,RGKMO,E03
H0278,2020-04-20,2020-05-18,2020-04-24,RGSBE,E07
H0279,2020-04-21,2020-05-19,2020-04-24,HMSLE,E07
H0280,2020-04-22,2020-05-20,2020-05-21,RGSBE,E03
H0281,2020-04-22,2020-05-06,2020-04-29,MEYRO,E04
H0282,2020-04-23,2020-05-21,2020-04-29,MEYRO,E04
H0283,2020-04-24,2020-05-22,2020-05-01,LASLI,E03
H0284,2020-04-27,2020-05-25,2020-05-05,HMSLE,E04
H0285,2020-04-28,2020-05-26,2020-05-04,ICKQU,E01
H0286,2020-04-29,2020-05-27,2020-05-08,ICKQU,E07
H0287,2020-04-30,2020-05-28,2020-05-06,CARRI,E07
H0288,2020-05-01,2020-05-29,2020-05-12,GGCRE,E04
H0289,2020-05-04,2020-06-01,2020-05-06,BEVBS,E07
H0290,2020-05-05,2020-06-02,2020-05-12,MMICO,E07
H0291,2020-05-05,2020-06-02,2020-05-13,EDEQU,E06
H0292,2020-05-06,2020-06-03,2020-05-11,ADHTR,E01
H0293,2020-05-07,2020-06-04,2020-05-20,RTUTO,E01
H0294,2020-05-08,2020-06-05,2020-05-14,TTCRA,E04
H0295,2020-05-11,2020-06-08,2020-05-19,NETVI,E03
H0296,2020-05-12,2020-06-09,2020-05-20,LASLI,E06
H0297,2020-05-13,2020-06-24,2020-05-19,ONPBL,E04
H0298,2020-05-14,2020-06-11,2020-05-20,NGOHU,E06
H0299,2020-05-15,2020-06-12,2020-05-22,CARRI,E04
H0300,2020-05-18,2020-06-15,2020-05-27,GAAMA,E03
H0301,2020-05-18,2020-06-15,2020-05-26,NDKWA,E07
H0302,2020-05-19,2020-06-16,2020-06-17,PRDSU,E04
H0303,2020-05-20,2020-06-17,2020-05-27,DOSGO,E07
H0304,2020-05-21,2020-06-18,2020-05-26,RTUTO,E01
H0305,2020-05-22,2020-06-19,2020-06-17,DWOOL,E07
H0306,2020-05-25,2020-06-22,2020-06-01,MEYRO,E01
H0307,2020-05-26,2020-06-23,2020-06-03,NEPLO,E03
H0308,2020-05-27,2020-06-24,2020-06-02,ATRAN,E07
H0309,2020-05-28,2020-06-25,2020-07-01,NGOHU,E03
H0310,2020-05-29,2020-06-26,2020-06-05,EBITH,E07
H0311,2020-05-29,2020-06-12,2020-06-04,MONDU,E01
H0312,2020-06-01,2020-06-29,2020-06-11,NDKWA,E03
H0313,2020-06-02,2020-06-30,2020-06-12,ICKQU,E03
H0314,2020-06-03,2020-07-01,2020-06-12,TTCRA,E01
H0315,2020-06-04,2020-07-02,2020-06-11,LATIS,E04
H0316,2020-06-05,2020-07-03,2020-06-16,TTCRA,E01
H0317,2020-06-08,2020-07-06,2020-06-18,NEPLO,E06
H0318,2020-06-09,2020-07-07,2020-06-12,LATIS,E07
H0319,2020-06-10,2020-07-08,2020-06-19,RTUTO,E07
H0320,2020-06-11,2020-06-25,2020-06-26,RTHWA,E04
H0321,2020-06-11,2020-07-09,2020-06-19,LATIS,E03
H0322,2020-06-12,2020-07-10,2020-07-01,RICPE,E07
H0323,2020-06-15,2020-07-13,2020-06-22,ENEKO,E04
H0324,2020-06-16,2020-07-14,2020-06-18,VEASA,E09
H0325,2020-06-17,2020-07-01,2020-06-22,ENEKO,E01
H0326,2020-06-18,2020-07-16,2020-06-22,LIDBO,E04
H0327,2020-06-19,2020-07-17,2020-06-22,LKOFO,E03
H0328,2020-06-22,2020-07-20,2020-06-25,RIBFU,E04
H0329,2020-06-23,2020-08-04,2020-07-01,LIRSP,E04
H0330,2020-06-24,2020-07-22,2020-07-06,LASLI,E03
H0331,2020-06-24,2020-08-05,2020-06-29,NAPBO,E09
H0332,2020-06-25,2020-08-06,2020-06-29,REPME,E03
H0333,2020-06-26,2020-07-24,2020-07-03,RTHWA,E04
H0334,2020-06-29,2020-07-27,2020-07-06,CTEVI,E07
H0335,2020-06-30,2020-07-28,2020-07-02,NGOHU,E07
H0336,2020-07-01,2020-07-29,2020-07-03,INIPR,E07
H0337,2020-07-02,2020-07-30,2020-07-07,ANKFR,E04
H0338,2020-07-03,2020-07-31,2020-07-07,DWOOL,E04
H0339,2020-07-06,2020-08-03,2020-07-13,REPME,E03
H0340,2020-07-07,2020-08-04,2020-07-17,NAPBO,E01
H0341,2020-07-07,2020-08-04,2020-07-14,MOBSI,E07
H0342,2020-07-08,2020-07-22,2020-07-13,ANKFR,E04
H0343,2020-07-09,2020-08-06,2020-07-15,HMSLE,E04
H0344,2020-07-10,2020-08-07,2020-07-14,ITCWH,E04
H0345,2020-07-13,2020-08-10,2020-07-20,ICKQU,E03
H0346,2020-07-14,2020-08-25,2020-07-17,TTCRA,E03
H0347,2020-07-15,2020-08-12,2020-07-17,MIAFA,E04
H0348,2020-07-16,2020-08-13,2020-07-24,NDKWA,E04
H0349,2020-07-17,2020-08-14,2020-07-24,LIRSP,E07
H0350,2020-07-20,2020-08-17,2020-08-11,MAILA,E06
H0351,2020-07-20,2020-08-17,2020-07-29,NSHER,E01
H0352,2020-07-21,2020-08-04,2020-07-27,RIBFU,E03
H0353,2020-07-22,2020-08-19,2020-08-03,CCOPI,E07
H0354,2020-07-23,2020-08-20,2020-07-29,RICPE,E07
H0355,2020-07-24,2020-08-21,2020-07-29,OUTAR,E06
H0356,2020-07-27,2020-08-24,2020-08-05,NDKWA,E06
H0357,2020-07-28,2020-08-25,2020-08-10,LASLI,E01
H0358,2020-07-29,2020-08-26,2020-08-05,MAILA,E04
H0359,2020-07-30,2020-08-27,2020-08-04,VESSE,E04
H0360,2020-07-31,2020-08-28,2020-08-10,ONPBL,E04
H0361,2020-07-31,2020-08-28,2020-08-11,ICKQU,E01
H0362,2020-08-03,2020-08-31,2020-08-06,NAPBO,E03
H0363,2020-08-04,2020-09-01,2020-08-12,ACDDR,E04
H0364,2020-08-04,2020-09-15,2020-08-12,STCEA,E01
H0365,2020-08-05,2020-09-02,2020-08-10,TONAN,E03
H0366,2020-08-06,2020-09-17,2020-09-07,LEDGA,E07
H0367,2020-08-06,2020-09-03,2020-08-10,FFEVA,E07
H0368,2020-08-07,2020-09-04,2020-08-10,NSHER,E03
H0369,2020-08-10,2020-09-07,2020-08-17,LIRSP,E07
H0370,2020-08-11,2020-09-08,2020-09-04,OPSCH,E06
H0371,2020-08-11,2020-09-08,2020-09-01,MAILA,E01
H0372,2020-08-12,2020-09-09,2020-08-17,EENQU,E04
H0373,2020-08-13,2020-09-10,2020-08-19,NGOHU,E04
H0374,2020-08-13,2020-09-10,2020-08-17,LZAWO,E01
H0375,2020-08-14,2020-09-11,2020-08-17,NGCHU,E03
H0376,2020-08-17,2020-09-14,2020-08-21,REPME,E01
H0377,2020-08-17,2020-09-14,2020-08-21,VESSE,E01
H0378,2020-08-18,2020-09-15,2020-08-27,LKOFO,E04
H0379,2020-08-19,2020-09-16,2020-08-21,EDEQU,E03
H0380,2020-08-20,2020-09-17,2020-09-24,NGOHU,E07
H0381,2020-08-20,2020-09-17,2020-08-21,LASLI,E03
H0382,2020-08-21,2020-09-18,2020-08-24,NSHER,E04
H0383,2020-08-24,2020-09-21,2020-08-26,OUTAR,E07
H0384,2020-08-24,2020-09-21,2020-08-28,RGSBE,E03
H0385,2020-08-25,2020-09-22,2020-08-31,LIRSP,E01
H0386,2020-08-26,2020-09-09,2020-09-02,MIAFA,E09
H0387,2020-08-26,2020-09-23,2020-08-28,NTGSA,E01
H0388,2020-08-27,2020-09-24,2020-08-28,VESSE,E03
H0389,2020-08-28,2020-09-25,2020-09-01,TTMBO,E04
H0390,2020-08-31,2020-09-28,2020-09-03,NSHER,E06
H0391,2020-08-31,2020-09-28,2020-09-08,ACDDR,E03
H0392,2020-09-01,2020-09-29,2020-09-09,CCOPI,E03
H0393,2020-09-02,2020-09-30,2020-09-11,VEASA,E01
H0394,2020-09-02,2020-09-30,2020-09-11,NGCHU,E01
H0395,2020-09-03,2020-10-01,2020-09-11,LAAHI,E06
H0396,2020-09-04,2020-09-18,2020-09-14,ANKFR,E01
H0397,2020-09-04,2020-10-02,2020-09-10,INIPR,E04
H0398,2020-09-07,2020-10-05,2020-09-17,VEASA,E03
H0399,2020-09-08,2020-09-22,2020-09-16,FFEVA,E07
H0400,2020-09-09,2020-10-07,2020-09-24,STCEA,E01
H0401,2020-09-09,2020-10-07,2020-09-18,TTCRA,E01
H0402,2020-09-10,2020-10-22,2020-09-18,NSHER,E07
H0403,2020-09-11,2020-10-09,2020-09-17,NSHER,E04
H0404,2020-09-11,2020-10-09,2020-09-16,GAAMA,E03
H0405,2020-09-14,2020-10-12,2020-09-30,NODLI,E01
H0406,2020-09-15,2020-10-27,2020-09-21,EENQU,E07
H0407,2020-09-15,2020-10-13,2020-10-08,TIKOT,E03
H0408,2020-09-16,2020-10-14,2020-09-22,LIGFO,E07
H0409,2020-09-17,2020-10-15,2020-09-22,EANOC,E03
H0410,2020-09-18,2020-10-16,2020-09-23,TTMBO,E03
H0411,2020-09-18,2020-10-16,2020-09-29,TTMBO,E09
H0412,2020-09-21,2020-10-19,2020-09-23,RTHWA,E07
H0413,2020-09-22,2020-10-20,2020-09-24,MAILA,E03
H0414,2020-09-22,2020-10-20,2020-09-25,MIAFA,E03
H0415,2020-09-23,2020-10-21,2020-10-02,NGCHU,E03
H0416,2020-09-24,2020-10-22,2020-10-05,RTHWA,E07
H0417,2020-09-24,2020-10-22,2020-10-06,MOBSI,E04
H0418,2020-09-25,2020-10-23,2020-10-02,ICKQU,E04
H0419,2020-09-28,2020-10-26,2020-10-08,CSURI,E04
H0420,2020-09-29,2020-10-27,2020-10-05,LLIWE,E03
H0421,2020-09-29,2020-11-10,2020-10-05,EDEQU,E07
H0422,2020-09-30,2020-10-28,2020-10-09,ANSFR,E03
H0423,2020-10-01,2020-10-15,2020-11-02,URLGO,E06
H0424,2020-10-01,2020-10-29,2020-10-05,REPME,E07
H0425,2020-10-02,2020-10-30,2020-10-23,MAILA,E06
H0426,2020-10-05,2020-11-02,2020-10-15,LEDGA,E04
H0427,2020-10-05,2020-11-02,2020-11-09,CCOPI,E04
H0428,2020-10-06,2020-11-03,2020-10-13,GGCRE,E07
H0429,2020-10-07,2020-11-18,2020-10-16,NGOHU,E03
H0430,2020-10-08,2020-10-22,2020-10-12,NSHER,E04
H0431,2020-10-08,2020-10-22,2020-10-16,TTMBO,E04
H0432,2020-10-09,2020-10-23,2020-10-16,LIRSP,E03
H0433,2020-10-12,2020-11-09,2020-11-10,INIPR,E03
H0434,2020-10-12,2020-11-09,2020-10-22,LKOFO,E03
H0435,2020-10-13,2020-11-24,2020-10-16,NSHCO,E07
H0436,2020-10-14,2020-11-11,2020-10-20,ONPBL,E03
H0437,2020-10-14,2020-11-11,2020-10-21,RTHWA,E07
H0438,2020-10-15,2020-11-12,2020-10-23,MSPTO,E03
H0439,2020-10-16,2020-11-13,2020-10-19,REPME,E06
H0440,2020-10-19,2020-11-16,2020-11-06,VEASA,E04
H0441,2020-10-19,2020-11-30,2020-11-20,DWOOL,E03
H0442,2020-10-20,2020-11-17,2020-10-27,NSHER,E03
H0443,2020-10-21,2020-11-18,2020-10-23,GGCRE,E07
H0444,2020-10-21,2020-11-18,2020-10-30,RGSBE,E03
H0445,2020-10-22,2020-11-19,2020-10-29,RGSBE,E03
H0446,2020-10-23,2020-11-20,2020-10-28,MSPTO,E06
H0447,2020-10-23,2020-11-20,2020-11-13,CARRI,E04
H0448,2020-10-26,2020-11-23,2020-11-02,NCHRA,E04
H0449,2020-10-27,2020-11-24,2020-11-05,ONPBL,E03
H0450,2020-10-28,2020-11-25,2020-11-17,CTEVI,E07
H0451,2020-10-28,2020-11-11,2020-11-18,ICKQU,E04
H0452,2020-10-29,2020-11-26,2020-11-04,VEASA,E07
H0453,2020-10-30,2020-11-27,2020-11-04,OUTAR,E01
H0454,2020-10-30,2020-11-27,2020-11-03,MAILA,E04
H0455,2020-11-02,2020-12-14,2020-11-09,RTHWA,E07
H0456,2020-11-03,2020-12-15,2020-11-06,ENEKO,E07
H0457,2020-11-03,2020-12-01,2020-11-09,ENEKO,E03
H0458,2020-11-04,2020-12-02,2020-11-10,PRDSU,E07
H0459,2020-11-05,2020-12-03,2020-11-06,CTEVI,E04
H0460,2020-11-06,2020-12-04,2020-11-09,LKOFO,E07
H0461,2020-11-06,2020-12-04,2020-11-11,LASLI,E01
H0462,2020-11-09,2020-12-07,2020-11-24,NSHCO,E03
H0463,2020-11-10,2020-12-08,2020-11-12,PRDSU,E04
H0464,2020-11-10,2020-12-08,2020-11-20,RIBFU,E04
H0465,2020-11-11,2020-12-09,2020-11-20,FFEVA,E01
H0466,2020-11-12,2020-12-10,2020-11-19,MMICO,E04
H0467,2020-11-12,2020-12-10,2020-11-17,GAAMA,E07
H0468,2020-11-13,2020-12-11,2020-11-18,ENEKO,E03
H0469,2020-11-16,2020-12-14,2020-11-20,ITCWH,E01
H0470,2020-11-17,2020-12-15,2020-11-20,NAPBO,E04
H0471,2020-11-17,2020-12-15,2020-11-24,BEVBS,E03
H0472,2020-11-18,2020-12-16,2020-11-25,VESSE,E07
H0473,2020-11-19,2020-12-03,2020-11-27,LATIS,E01
H0474,2020-11-19,2020-12-17,2020-11-27,RICPE,E04
H0475,2020-11-20,2020-12-18,2020-12-11,PRDSU,E09
H0476,2020-11-23,2020-12-21,2020-11-30,LAAHI,E07
H0477,2020-11-23,2020-12-21,2020-12-01,INIPR,E04
H0478,2020-11-24,2020-12-08,2020-12-02,CTEVI,E03
H0479,2020-11-25,2020-12-23,2020-11-27,TTCRA,E03
H0480,2020-11-26,2020-12-24,2020-11-30,LIGFO,E06
H0481,2020-11-26,2020-12-24,2020-12-01,CARRI,E07
H0482,2020-11-27,2020-12-25,2020-12-17,ZYKLA,E01
H0483,2020-11-30,2020-12-28,2021-01-01,ITCWH,E07
H0484,2020-11-30,2020-12-28,2020-12-08,BEVBS,E03
H0485,2020-12-01,2020-12-15,2020-12-07,NODLI,E04
H0486,2020-12-02,2020-12-30,2020-12-09,LAAHI,E01
H0487,2020-12-02,2020-12-30,2020-12-04,EENQU,E03
H0488,2020-12-03,2020-12-31,2020-12-09,ANKFR,E07
H0489,2020-12-04,2021-01-01,2020-12-16,CCOPI,E06
H0490,2020-12-07,2021-01-04,2020-12-10,LAAHI,E07
H0491,2020-12-07,2021-01-04,2020-12-15,RIBFU,E07
H0492,2020-12-08,2021-01-05,2020-12-18,TTMBO,E03
H0493,2020-12-09,2021-01-06,2020-12-17,MAILA,E04
H0494,2020-12-09,2021-01-06,2020-12-16,MMICO,E04
H0495,2020-12-10,2021-01-07,2020-12-18,UGBLA,E03
H0496,2020-12-11,2021-01-08,2020-12-14,ADHTR,E07
H0497,2020-12-11,2021-01-08,2020-12-14,HMSLE,E07
H0498,2020-12-14,2021-01-11,2020-12-18,LAAHI,E07
H0499,2020-12-15,2021-01-12,2020-12-23,LASLI,E04
H0500,2020-12-16,2021-01-13,2020-12-24,MAILA,E06
H0501,2020-12-16,2021-01-13,2020-12-23,AUSBL,E09
H0502,2020-12-17,2021-01-14,2021-01-05,RICPE,E03
H0503,2020-12-18,2021-01-15,2020-12-23,NGOHU,E06
H0504,2020-12-18,2021-01-15,2020-12-25,ITCWH,E04
H0505,2020-12-21,2021-01-18,2020-12-28,REPME,E03
H0506,2020-12-22,2021-01-19,2021-01-08,ENEKO,E09
H0507,2020-12-22,2021-01-19,2020-12-29,TONAN,E07
H0508,2020-12-23,2021-01-20,2021-01-19,TIKOT,E01
H0509,2020-12-24,2021-01-21,2021-01-05,AUSBL,E04
H0510,2020-12-25,2021-01-22,2021-01-04,VEASA,E06
H0511,2020-12-25,2021-01-22,2020-12-28,NAPBO,E04
H0512,2020-12-28,2021-01-25,2020-12-31,MIAFA,E07
H0513,2020-12-29,2021-02-09,2021-01-04,NDKWA,E07
H0514,2020-12-29,2021-01-26,2021-01-22,NSHER,E03
H0515,2020-12-30,2021-01-13,2021-01-29,ICKQU,E03
H0516,2020-12-31,2021-01-28,2021-01-07,NGOHU,E03
H0517,2020-12-31,2021-01-28,2021-01-05,RTSNO,E03
H0518,2021-01-01,2021-01-15,2021-01-11,RTUTO,E04
H0519,2021-01-04,2021-02-01,2021-01-07,OPSCH,E06
H0520,2021-01-05,2021-02-02,2021-01-07,NTGSA,E07
H0521,2021-01-05,2021-02-02,2021-01-08,CTUCA,E07
H0522,2021-01-06,2021-02-03,2021-01-12,HMSLE,E04
H0523,2021-01-07,2021-02-04,2021-02-05,VESSE,E07
H0524,2021-01-07,2021-02-04,2021-01-13,RGSBE,E01
H0525,2021-01-08,2021-02-05,2021-01-29,NAPBO,E01
H0526,2021-01-11,2021-02-08,2021-01-21,RTHWA,E04
H0527,2021-01-11,2021-02-08,2021-01-13,ICKQU,E07
H0528,2021-01-12,2021-01-26,2021-01-15,EALGR,E06
H0529,2021-01-13,2021-02-10,2021-01-15,ISDMA,E04
H0530,2021-01-14,2021-02-11,2021-01-18,CCOPI,E03
H0531,2021-01-14,2021-02-11,2021-01-25,EANOC,E07
H0532,2021-01-15,2021-02-12,2021-01-18,STCEA,E07
H0533,2021-01-18,2021-02-15,2021-01-28,LKOFO,E07
H0534,2021-01-18,2021-02-15,2021-01-20,HMSLE,E07
H0535,2021-01-19,2021-02-16,2021-01-27,TONAN,E04
H0536,2021-01-20,2021-02-17,2021-02-12,HMSLE,E03
H0537,2021-01-20,2021-02-03,2021-01-25,CSURI,E01
H0538,2021-01-21,2021-02-18,2021-01-22,BEVBS,E09
H0539,2021-01-22,2021-02-19,2021-01-29,BEVBS,E06
H0540,2021-01-25,2021-02-22,2021-02-19,ICKQU,E03
H0541,2021-01-25,2021-02-22,2021-02-04,NARHA,E03
H0542,2021-01-26,2021-02-23,2021-02-01,ENEKO,E01
H0543,2021-01-27,2021-02-24,2021-01-29,LASLI,E07
H0544,2021-01-27,2021-02-24,2021-02-05,NEPLO,E04
H0545,2021-01-28,2021-02-25,2021-03-04,ZYKLA,E07
H0546,2021-01-29,2021-02-26,2021-02-02,CTEVI,E01
H0547,2021-01-29,2021-02-26,2021-02-08,VESSE,E03
H0548,2021-02-01,2021-03-01,2021-02-08,MSPTO,E03
H0549,2021-02-02,2021-02-16,2021-02-05,ICKQU,E04
H0550,2021-02-03,2021-03-03,2021-02-12,DOSGO,E07
H0551,2021-02-03,2021-03-17,2021-02-12,RIBFU,E04
H0552,2021-02-04,2021-03-04,2021-02-11,LAAHI,E03
H0553,2021-02-05,2021-03-05,2021-02-09,RTHWA,E03
H0554,2021-02-05,2021-03-05,2021-02-11,TIKOT,E04
H0555,2021-02-08,2021-03-08,2021-02-10,VEASA,E06
H0556,2021-02-09,2021-03-23,2021-02-19,MOBSI,E03
H0557,2021-02-09,2021-02-23,2021-02-12,HMSLE,E09
H0558,2021-02-10,2021-03-10,2021-02-16,OUTAR,E01
H0559,2021-02-11,2021-03-11,2021-02-19,ONPBL,E06
H0560,2021-02-12,2021-03-12,2021-02-15,ANKFR,E07
H0561,2021-02-12,2021-03-12,2021-02-15,LKOFO,E03
H0562,2021-02-15,2021-03-15,2021-02-18,GGCRE,E01
H0563,2021-02-16,2021-03-30,2021-03-02,CARRI,E03
H0564,2021-02-16,2021-03-16,2021-02-22,TTCRA,E04
H0565,2021-02-17,2021-03-17,2021-02-24,REPME,E07
H0566,2021-02-18,2021-03-18,2021-02-24,ONPBL,E09
H0567,2021-02-18,2021-03-18,2021-02-23,NGOHU,E01
H0568,2021-02-19,2021-03-19,2021-03-17,LEDGA,E03
H0569,2021-02-22,2021-03-22,2021-03-19,TTCRA,E04
H0570,2021-02-23,2021-03-23,2021-02-25,REPME,E03
H0571,2021-02-23,2021-04-06,2021-03-12,NSHER,E07
H0572,2021-02-24,2021-03-24,2021-03-03,RGSBE,E03
H0573,2021-02-25,2021-03-25,2021-02-26,TONAN,E07
H0574,2021-02-25,2021-03-25,2021-03-08,AIHTR,E04
H0575,2021-02-26,2021-03-12,2021-03-08,RGKMO,E04
H0576,2021-03-01,2021-03-15,2021-03-08,RTUTO,E03
H0577,2021-03-01,2021-04-12,2021-03-08,AIHTR,E09
H0578,2021-03-02,2021-03-30,2021-04-02,BEVBS,E04
H0579,2021-03-03,2021-03-31,2021-03-12,TSSLE,E01
H0580,2021-03-04,2021-04-01,2021-03-09,TIKOT,E04
H0581,2021-03-04,2021-04-01,2021-03-10,MIAFA,E03
H0582,2021-03-05,2021-04-02,2021-03-22,AUSBL,E03
H0583,2021-03-08,2021-04-05,2021-03-12,RTHWA,E03
H0584,2021-03-08,2021-04-05,2021-03-12,ONPBL,E04
H0585,2021-03-09,2021-04-06,2021-03-18,LLIWE,E07
H0586,2021-03-10,2021-04-07,2021-03-17,GGCRE,E09
H0587,2021-03-10,2021-04-07,2021-03-17,EDEQU,E01
H0588,2021-03-11,2021-04-08,2021-03-18,ICKQU,E03
H0589,2021-03-12,2021-04-09,2021-03-22,EALGR,E07
H0590,2021-03-15,2021-04-12,2021-03-22,REPME,E04
H0591,2021-03-15,2021-03-29,2021-03-24,FFEVA,E01
H0592,2021-03-16,2021-04-13,2021-03-24,HMSLE,E03
H0593,2021-03-17,2021-04-14,2021-04-21,HMSLE,E07
H0594,2021-03-17,2021-04-14,2021-03-24,DWOOL,E03
H0595,2021-03-18,2021-04-15,2021-03-22,NSHER,E03
H0596,2021-03-19,2021-04-16,2021-04-20,ITCWH,E07
H0597,2021-03-19,2021-04-16,2021-03-26,CCOPI,E07
H0598,2021-03-22,2021-04-19,2021-03-26,TTCRA,E01
H0599,2021-03-23,2021-05-04,2021-03-29,BEVBS,E06
H0600,2021-03-24,2021-04-21,2021-03-29,NGCHU,E04
H0601,2021-03-24,2021-05-05,2021-03-30,LAAHI,E07
H0602,2021-03-25,2021-04-22,2021-03-30,FFEVA,E07
H0603,2021-03-26,2021-04-23,2021-04-16,VEASA,E07
H0604,2021-03-26,2021-04-23,2021-04-06,RIBFU,E01
H0605,2021-03-29,2021-04-26,2021-04-06,REPME,E01
H0606,2021-03-30,2021-04-27,2021-04-08,ADHTR,E04
H0607,2021-03-30,2021-04-27,2021-04-02,VEASA,E04
H0608,2021-03-31,2021-04-28,2021-04-09,MSPTO,E04
H0609,2021-04-01,2021-04-29,2021-04-07,MONDU,E07
H0610,2021-04-02,2021-04-30,2021-04-14,MAILA,E07
H0611,2021-04-02,2021-04-30,2021-04-09,LZAWO,E06
H0612,2021-04-05,2021-05-03,2021-04-09,VEASA,E01
H0613,2021-04-06,2021-05-04,2021-04-09,LAAHI,E04
H0614,2021-04-06,2021-05-04,2021-04-09,AUSBL,E07
H0615,2021-04-07,2021-05-05,2021-04-14,LMKWI,E03
H0616,2021-04-08,2021-05-06,2021-04-13,EALGR,E01
H0617,2021-04-08,2021-05-06,2021-04-12,EALGR,E04
H0618,2021-04-09,2021-05-21,2021-04-16,REPME,E01
H0619,2021-04-12,2021-05-10,2021-04-15,REPME,E03
H0620,2021-04-13,2021-05-11,2021-04-22,UGBLA,E03
H0621,2021-04-13,2021-05-11,2021-04-19,LATIS,E04
H0622,2021-04-14,2021-05-12,2021-04-19,CARRI,E04
H0623,2021-04-15,2021-05-13,2021-04-20,ANKFR,E07
H0624,2021-04-15,2021-05-13,2021-04-27,ECRTH,E04
H0625,2021-04-16,2021-05-14,2021-04-22,ATRAN,E03
H0626,2021-04-19,2021-05-17,2021-04-28,RGSBE,E01
H0627,2021-04-19,2021-05-31,2021-04-29,VEASA,E07
H0628,2021-04-20,2021-05-18,2021-04-28,ONPBL,E04
H0629,2021-04-20,2021-05-18,2021-04-28,DOSGO,E04
H0630,2021-04-21,2021-05-19,2021-04-27,ENEKO,E01
H0631,2021-04-22,2021-05-20,2021-04-23,MAILA,E07
H0632,2021-04-22,2021-05-20,2021-04-27,NDKWA,E07
H0633,2021-04-23,2021-05-21,2021-04-26,NSHER,E07
H0634,2021-04-23,2021-05-21,2021-04-29,LIGFO,E04
H0635,2021-04-26,2021-05-24,2021-04-29,GAAMA,E07
H0636,2021-04-27,2021-05-25,2021-05-04,RTHWA,E04
H0637,2021-04-27,2021-05-25,2021-05-04,EENQU,E06
H0638,2021-04-28,2021-05-26,2021-05-10,NODLI,E03
H0639,2021-04-28,2021-05-26,2021-05-05,NTGSA,E07
H0640,2021-04-29,2021-05-27,2021-05-06,NDKWA,E04
H0641,2021-04-30,2021-05-28,2021-05-04,LAAHI,E04
H0642,2021-04-30,2021-05-28,2021-05-14,MOBSI,E07
H0643,2021-05-03,2021-05-31,2021-05-11,NDKWA,E06
H0644,2021-05-03,2021-05-31,2021-05-10,LLIWE,E03
H0645,2021-05-04,2021-06-01,2021-05-11,NARHA,E04
H0646,2021-05-05,2021-06-16,2021-05-12,NGOHU,E09
H0647,2021-05-05,2021-05-19,2021-05-12,EDEQU,E04
H0648,2021-05-06,2021-06-17,2021-05-18,CARRI,E04
H0649,2021-05-06,2021-06-03,2021-05-07,ISDMA,E04
H0650,2021-05-07,2021-06-04,2021-05-12,MIAFA,E04
H0651,2021-05-10,2021-06-07,2021-05-20,NDKWA,E07
H0652,2021-05-10,2021-06-07,2021-05-17,URLGO,E04
H0653,2021-05-11,2021-06-08,2021-05-28,ANKFR,E01
H0654,2021-05-11,2021-06-08,2021-05-20,RGSBE,E04
H0655,2021-05-12,2021-06-09,2021-05-20,GGCRE,E01
H0656,2021-05-13,2021-06-10,2021-05-19,EALGR,E06
H0657,2021-05-13,2021-06-10,2021-05-24,VEASA,E03
H0658,2021-05-14,2021-06-11,2021-05-17,ICKQU,E04
H0659,2021-05-14,2021-06-11,2021-05-19,EENQU,E07
H0660,2021-05-17,2021-06-14,2021-06-23,NGCHU,E07
H0661,2021-05-18,2021-06-15,2021-05-24,NGOHU,E07
H0662,2021-05-18,2021-06-15,2021-05-27,NEPLO,E03
H0663,2021-05-19,2021-06-02,2021-06-11,NAPBO,E03
H0664,2021-05-19,2021-06-16,2021-05-28,RIBFU,E01
H0665,2021-05-20,2021-06-17,2021-05-26,NEPLO,E01
H0666,2021-05-21,2021-06-18,2021-05-31,CSURI,E07
H0667,2021-05-21,2021-06-18,2021-05-28,NSHER,E07
H0668,2021-05-24,2021-06-21,2021-06-01,NDKWA,E01
H0669,2021-05-24,2021-06-21,2021-05-31,MOBSI,E03
H0670,2021-05-25,2021-06-22,2021-05-27,ANKFR,E04
H0671,2021-05-26,2021-06-23,2021-06-02,ANRFR,E01
H0672,2021-05-26,2021-06-09,2021-06-04,RGSBE,E09
H0673,2021-05-27,2021-06-24,2021-05-28,LMKWI,E03
H0674,2021-05-27,2021-06-24,2021-06-08,LATIS,E04
H0675,2021-05-28,2021-06-25,2021-06-01,ANKFR,E04
H0676,2021-05-31,2021-06-28,2021-06-07,RTUTO,E03
H0677,2021-05-31,2021-06-28,2021-06-04,TONAN,E01
H0678,2021-06-01,2021-06-29,2021-06-24,VEASA,E07
H0679,2021-06-01,2021-06-29,2021-06-08,ONPBL,E07
H0680,2021-06-02,2021-06-30,2021-06-04,DWOOL,E01
H0681,2021-06-03,2021-07-01,2021-06-08,EALGR,E03
H0682,2021-06-03,2021-07-01,2021-06-09,TONAN,E03
H0683,2021-06-04,2021-07-02,2021-06-09,MONDU,E03
H0684,2021-06-04,2021-07-02,2021-06-08,TIKOT,E03
H0685,2021-06-07,2021-06-21,2021-06-11,URLGO,E04
H0686,2021-06-08,2021-07-06,2021-06-16,CCOPI,E03
H0687,2021-06-08,2021-07-06,2021-07-08,NGOHU,E09
H0688,2021-06-09,2021-06-23,2021-06-15,FFEVA,E04
H0689,2021-06-09,2021-07-07,2021-06-15,RGSBE,E01
H0690,2021-06-10,2021-07-08,2021-06-11,NARHA,E01
H0691,2021-06-11,2021-07-23,2021-06-30,ICKQU,E03
H0692,2021-06-11,2021-07-09,2021-06-21,RGKMO,E04
H0693,2021-06-14,2021-06-28,2021-06-18,ITCWH,E03
H0694,2021-06-14,2021-07-12,2021-06-17,ICKQU,E07
H0695,2021-06-15,2021-07-27,2021-06-22,LMKWI,E07
H0696,2021-06-16,2021-07-28,2021-06-22,ITCWH,E07
H0697,2021-06-16,2021-07-14,2021-06-22,NODLI,E03
H0698,2021-06-17,2021-07-15,2021-06-25,NSHER,E04
H0699,2021-06-17,2021-07-15,2021-06-21,RGKMO,E03
H0700,2021-06-18,2021-07-16,2021-06-24,VEASA,E03
H0701,2021-06-21,2021-07-05,2021-06-23,NGOHU,E06
H0702,2021-06-21,2021-08-02,2021-06-29,NETVI,E04
H0703,2021-06-22,2021-07-20,2021-06-28,LKOFO,E06
H0704,2021-06-22,2021-07-20,2021-07-16,EENQU,E06
H0705,2021-06-23,2021-07-21,2021-07-27,LAAHI,E09
H0706,2021-06-24,2021-07-22,2021-06-29,DWOOL,E07
H0707,2021-06-24,2021-07-08,2021-07-01,OUTAR,E04
H0708,2021-06-25,2021-08-06,2021-07-14,EBITH,E06
H0709,2021-06-25,2021-07-23,2021-07-29,URLGO,E01
H0710,2021-06-28,2021-07-26,2021-07-01,ANSFR,E01
H0711,2021-06-29,2021-08-10,2021-07-07,VEASA,E04
H0712,2021-06-29,2021-07-27,2021-07-09,NGOHU,E03
H0713,2021-06-30,2021-07-28,2021-07-02,VEASA,E01
H0714,2021-06-30,2021-07-28,2021-07-05,VEASA,E04
H0715,2021-07-01,2021-07-15,2021-07-07,NAPBO,E03
H0716,2021-07-02,2021-07-30,2021-07-05,NCHRA,E04
H0717,2021-07-02,2021-07-30,2021-07-07,ANKFR,E01
H0718,2021-07-05,2021-08-02,2021-07-07,ENEKO,E01
H0719,2021-07-05,2021-08-02,2021-07-14,TSSLE,E07
H0720,2021-07-06,2021-07-20,2021-07-14,EDEQU,E07
H0721,2021-07-07,2021-08-04,2021-07-09,ICKQU,E04
H0722,2021-07-07,2021-08-18,2021-07-13,VEASA,E07
H0723,2021-07-08,2021-08-05,2021-08-03,ITCWH,E03
H0724,2021-07-08,2021-08-19,2021-07-14,REPME,E07
H0725,2021-07-09,2021-08-06,2021-07-14,MIAFA,E04
H0726,2021-07-12,2021-07-26,2021-08-13,STCEA,E04
H0727,2021-07-12,2021-08-09,2021-08-13,GGCRE,E03
H0728,2021-07-13,2021-08-10,2021-07-20,EENQU,E04
H0729,2021-07-13,2021-08-24,2021-07-23,NODLI,E07
H0730,2021-07-14,2021-08-11,2021-07-23,NAPBO,E04
H0731,2021-07-15,2021-08-12,2021-07-23,OPSCH,E07
H0732,2021-07-15,2021-08-12,2021-07-16,NAPBO,E03
H0733,2021-07-16,2021-08-13,2021-07-19,RGSBE,E01
H0734,2021-07-16,2021-08-13,2021-07-21,URLGO,E03
H0735,2021-07-19,2021-08-16,2021-07-30,TSSLE,E06
H0736,2021-07-20,2021-08-17,2021-07-30,NGOHU,E09
H0737,2021-07-20,2021-08-17,2021-07-27,NETVI,E03
H0738,2021-07-21,2021-08-18,2021-07-27,ECDSP,E03
H0739,2021-07-21,2021-08-18,2021-07-26,NETVI,E03
H0740,2021-07-22,2021-08-19,2021-08-03,ITCWH,E04
H0741,2021-07-23,2021-08-06,2021-07-27,OUTAR,E04
H0742,2021-07-23,2021-08-20,2021-07-27,TTMBO,E03
H0743,2021-07-26,2021-08-23,2021-07-30,OUTAR,E01
H0744,2021-07-26,2021-08-23,2021-08-02,FFEVA,E06
H0745,2021-07-27,2021-08-24,2021-08-05,ICKQU,E09
H0746,2021-07-28,2021-08-25,2021-07-30,OPSCH,E01
H0747,2021-07-28,2021-08-25,2021-08-04,CCOPI,E06
H0748,2021-07-29,2021-08-26,2021-08-06,VEASA,E03
H0749,2021-07-29,2021-08-26,2021-08-27,LATIS,E04
H0750,2021-07-30,2021-08-27,2021-08-02,RTHWA,E09
H0751,2021-08-02,2021-08-30,2021-08-11,CSURI,E03
H0752,2021-08-02,2021-08-30,2021-08-06,RTSNO,E03
H0753,2021-08-03,2021-08-31,2021-08-05,ANSFR,E03
H0754,2021-08-03,2021-08-31,2021-08-05,GAAMA,E06
H0755,2021-08-04,2021-09-01,2021-08-06,NAPBO,E04
H0756,2021-08-05,2021-09-02,2021-08-10,LIRSP,E07
H0757,2021-08-05,2021-09-02,2021-08-23,VEASA,E06
H0758,2021-08-06,2021-09-03,2021-08-12,CSURI,E03
H0759,2021-08-06,2021-09-03,2021-08-20,ATRAN,E03
H0760,2021-08-09,2021-09-06,2021-08-18,ISDMA,E04
H0761,2021-08-10,2021-09-07,2021-08-16,TTCRA,E04
H0762,2021-08-10,2021-09-07,2021-08-17,LKOFO,E03
H0763,2021-08-11,2021-09-08,2021-08-16,LIGFO,E03
H0764,2021-08-11,2021-09-08,2021-08-16,NSHER,E06
H0765,2021-08-12,2021-09-09,2021-08-17,ICKQU,E03
H0766,2021-08-13,2021-09-10,2021-08-17,TIKOT,E04
H0767,2021-08-13,2021-09-10,2021-08-23,PRDSU,E04
H0768,2021-08-16,2021-09-13,2021-08-23,OUTAR,E03
H0769,2021-08-16,2021-09-13,2021-08-20,FFEVA,E03
H0770,2021-08-17,2021-09-14,2021-08-25,NARHA,E07
H0771,2021-08-18,2021-09-15,2021-09-10,NSHER,E09
H0772,2021-08-18,2021-09-15,2021-08-27,HMSLE,E03
H0773,2021-08-19,2021-09-16,2021-08-24,NSHER,E01
H0774,2021-08-19,2021-09-02,2021-08-20,LKOFO,E04
H0775,2021-08-20,2021-09-17,2021-09-03,ECRTH,E07
H0776,2021-08-23,2021-09-20,2021-08-26,NSHER,E01
H0777,2021-08-23,2021-09-06,2021-09-29,URLGO,E07
H0778,2021-08-24,2021-09-21,2021-09-01,RGSBE,E03
H0779,2021-08-24,2021-09-21,2021-09-22,RGKMO,E03
H0780,2021-08-24,2021-09-07,2021-09-02,LASLI,E03
H0781,2021-08-25,2021-09-22,2021-08-27,RTHWA,E03
H0782,2021-08-25,2021-09-22,2021-08-30,CTUCA,E09
H0783,2021-08-26,2021-09-23,2021-08-27,NARHA,E04
H0784,2021-08-26,2021-09-23,2021-08-30,GAAMA,E04
H0785,2021-08-26,2021-09-23,2021-09-01,OSRGR,E01
H0786,2021-08-27,2021-09-24,2021-08-31,EENQU,E07
H0787,2021-08-27,2021-09-10,2021-09-03,MAILA,E03
H0788,2021-08-30,2021-09-27,2021-09-27,ICKQU,E01
H0789,2021-08-30,2021-09-27,2021-09-08,LIGFO,E01
H0790,2021-08-30,2021-09-27,2021-09-03,URLGO,E06
H0791,2021-08-31,2021-09-28,2021-09-09,ANKFR,E06
H0792,2021-08-31,2021-09-28,2021-09-08,LZAWO,E01
H0793,2021-09-01,2021-09-29,2021-09-16,OUTAR,E03
H0794,2021-09-01,2021-09-29,2021-09-10,EDEQU,E06
H0795,2021-09-01,2021-09-29,2021-09-28,NSHER,E07
H0796,2021-09-02,2021-09-30,2021-09-22,LAAHI,E03
H0797,2021-09-02,2021-09-30,2021-09-13,ACDDR,E07
H0798,2021-09-03,2021-10-01,2021-09-13,LATIS,E03
H0799,2021-09-03,2021-10-15,2021-09-13,ENEKO,E09
H0800,2021-09-03,2021-10-01,2021-09-13,VESSE,E01
H0801,2021-09-06,2021-10-04,2021-09-08,LIDBO,E04
H0802,2021-09-06,2021-10-04,2021-09-10,MOBSI,E04
H0803,2021-09-07,2021-10-05,2021-09-14,LLIWE,E04
H0804,2021-09-07,2021-10-05,2021-09-15,VESSE,E06
H0805,2021-09-07,2021-10-05,2021-09-17,EBITH,E03
H0806,2021-09-08,2021-10-06,2021-09-13,CTEVI,E03
H0807,2021-09-08,2021-10-06,2021-10-08,ANSFR,E04
H0808,2021-09-09,2021-10-07,2021-09-17,DWOOL,E03
H0809,2021-09-09,2021-10-07,2021-09-15,LLIWE,E07
H0810,2021-09-09,2021-10-07,2021-09-15,UGBLA,E03
H0811,2021-09-10,2021-10-08,2021-09-16,NODLI,E07
H0812,2021-09-10,2021-10-08,2021-09-20,GGCRE,E04
H0813,2021-09-13,2021-10-11,2021-09-17,CARRI,E01
H0814,2021-09-13,2021-10-11,2021-09-22,CTEVI,E03
H0815,2021-09-13,2021-10-11,2021-09-22,VEASA,E03
H0816,2021-09-14,2021-10-12,2021-10-13,EALGR,E04
H0817,2021-09-14,2021-09-28,2021-09-21,ENEKO,E03
H0818,2021-09-15,2021-10-13,2021-09-20,GAAMA,E07
H0819,2021-09-15,2021-10-13,2021-09-24,CTUCA,E03
H0820,2021-09-15,2021-10-13,2021-09-21,TTCRA,E03
H0821,2021-09-16,2021-10-14,2021-09-23,LIRSP,E01
H0822,2021-09-16,2021-10-14,2021-09-24,AIHTR,E06
H0823,2021-09-17,2021-10-15,2021-09-21,LASLI,E04
H0824,2021-09-17,2021-10-15,2021-10-08,LKOFO,E07
H0825,2021-09-17,2021-10-15,2021-09-22,ACDDR,E01
H0826,2021-09-20,2021-10-18,2021-10-15,ONPBL,E06
H0827,2021-09-20,2021-10-04,2021-10-15,NAPBO,E01
H0828,2021-09-21,2021-10-05,2021-10-13,NCHRA,E09
H0829,2021-09-21,2021-10-19,2021-10-01,LATIS,E09
H0830,2021-09-21,2021-11-02,2021-09-29,ADHTR,E04
H0831,2021-09-22,2021-10-20,2021-10-01,NTGSA,E03
H0832,2021-09-22,2021-10-20,2021-09-27,MAILA,E03
H0833,2021-09-23,2021-10-21,2021-10-01,TIKOT,E06
H0834,2021-09-23,2021-10-21,2021-09-27,ADHTR,E01
H0835,2021-09-23,2021-10-21,2021-09-29,NETVI,E01
H0836,2021-09-24,2021-10-22,2021-09-29,NSHER,E07
H0837,2021-09-24,2021-10-22,2021-10-01,RGSBE,E09
H0838,2021-09-27,2021-10-25,2021-10-01,NODLI,E03
H0839,2021-09-27,2021-10-25,2021-09-30,ADHTR,E03
H0840,2021-09-27,2021-11-09,2021-10-25,NODLI,E04
H0841,2021-09-28,2021-10-26,2021-10-07,PRDSU,E04
H0842,2021-09-28,2021-10-26,2021-10-07,RTUTO,E01
H0843,2021-09-29,2021-10-27,2021-10-04,CTEVI,E04
H0844,2021-09-29,2021-10-27,2021-10-04,CCOPI,E07
H0845,2021-09-29,2021-10-13,2021-10-08,ICKQU,E07
H0846,2021-09-30,2021-11-12,2021-10-01,PRDSU,E03
H0847,2021-09-30,2021-10-14,2021-10-19,VEASA,E04
H0848,2021-10-01,2021-10-29,2021-10-07,NSHCO,E07
H0849,2021-10-01,2021-10-29,2021-10-08,ENEKO,E09
H0850,2021-10-01,2021-11-13,2021-10-08,CTEVI,E01
H0851,2021-10-04,2021-11-01,2021-10-11,CARRI,E04
H0852,2021-10-04,2021-10-18,2021-10-08,TTCRA,E07
H0853,2021-10-05,2021-11-02,2021-10-12,AUSBL,E09
H0854,2021-10-05,2021-11-02,2021-10-14,NSHER,E03
H0855,2021-10-05,2021-11-02,2021-10-13,DWOOL,E03
H0856,2021-10-06,2021-11-03,2021-10-19,TONAN,E03
H0857,2021-10-06,2021-11-03,2021-10-15,RGSBE,E07
H0858,2021-10-07,2021-11-04,2021-10-12,CORLA,E03
H0859,2021-10-07,2021-11-04,2021-10-11,ANKFR,E01
H0860,2021-10-07,2021-11-04,2021-10-13,ANRFR,E03
H0861,2021-10-08,2021-11-05,2021-10-26,ITCWH,E04
H0862,2021-10-08,2021-11-20,2021-10-11,HMSLE,E07
H0863,2021-10-11,2021-11-09,2021-10-26,LAAHI,E04
H0864,2021-10-11,2021-11-09,2021-10-18,OUTAR,E04
H0865,2021-10-11,2021-10-25,2021-10-21,ICKQU,E03
H0866,2021-10-12,2021-11-10,2021-10-21,RGSBE,E04
H0867,2021-10-12,2021-11-24,2021-10-20,NEPLO,E06
H0868,2021-10-13,2021-11-11,2021-11-01,EENQU,E07
H0869,2021-10-13,2021-11-11,2021-10-18,VESSE,E04
H0870,2021-10-13,2021-11-11,2021-10-22,LZAWO,E04
H0871,2021-10-14,2021-11-12,2021-10-19,NAPBO,E09
H0872,2021-10-14,2021-11-12,2021-10-18,DOSGO,E04
H0873,2021-10-15,2021-11-13,2021-10-18,LMKWI,E04
H0874,2021-10-15,2021-11-13,2021-10-20,DOSGO,E04
H0875,2021-10-15,2021-11-13,2021-11-10,RGSBE,E04
H0876,2021-10-18,2021-11-16,2021-10-21,NAPBO,E07
H0877,2021-10-18,2021-11-16,2021-10-28,CARRI,E01
H0878,2021-10-19,2021-11-17,2021-10-21,ICKQU,E04
H0879,2021-10-19,2021-11-17,2021-10-21,LMKWI,E03
H0880,2021-10-19,2021-12-01,2021-10-27,LKOFO,E07
H0881,2021-10-20,2021-11-18,2021-10-27,CTUCA,E04
H0882,2021-10-20,2021-11-18,2021-10-29,VEASA,E04
H0883,2021-10-21,2021-11-19,2021-10-29,NEPLO,E07
H0884,2021-10-21,2021-11-19,2021-10-22,TSSLE,E04
H0885,2021-10-21,2021-11-19,2021-10-27,PRDSU,E06
H0886,2021-10-22,2021-11-20,2021-11-09,NARHA,E01
H0887,2021-10-22,2021-11-20,2021-10-25,LEDGA,E07
H0888,2021-10-25,2021-11-23,2021-11-01,DOSGO,E01
H0889,2021-10-25,2021-11-23,2021-11-01,TTCRA,E09
H0890,2021-10-25,2021-11-23,2021-10-27,MONDU,E07
H0891,2021-10-26,2021-11-24,2021-10-28,HMSLE,E07
H0892,2021-10-26,2021-11-24,2021-10-28,ISDMA,E04
H0893,2021-10-27,2021-11-25,2021-10-29,ENEKO,E09
H0894,2021-10-27,2021-11-25,2021-10-29,VEASA,E01
H0895,2021-10-27,2021-11-25,2021-11-01,NSHER,E03
H0896,2021-10-28,2021-11-26,2021-11-05,ISDMA,E07
H0897,2021-10-28,2021-11-26,2021-11-03,NGOHU,E03
H0898,2021-10-29,2021-11-27,2021-11-13,EANOC,E04
H0899,2021-10-29,2021-11-27,2021-11-04,LASLI,E04
H0900,2021-10-29,2021-11-27,2021-11-11,LLIWE,E01
H0901,2021-11-01,2021-11-30,2021-11-04,LAAHI,E04
H0902,2021-11-01,2021-11-30,2021-11-10,LKOFO,E01
H0903,2021-11-02,2021-12-01,2021-11-11,NARHA,E03
H0904,2021-11-02,2021-12-01,2021-11-05,ITCWH,E03
H0905,2021-11-02,2021-12-01,2021-11-13,LLIWE,E09
H0906,2021-11-03,2021-11-18,2021-11-10,LZAWO,E04
H0907,2021-11-03,2021-12-02,2021-11-05,ECDSP,E06
H0908,2021-11-04,2021-12-03,2021-11-13,GGCRE,E04
H0909,2021-11-04,2021-12-03,2021-11-17,NTGSA,E01
H0910,2021-11-04,2021-12-03,2021-11-11,LMKWI,E01
H0911,2021-11-04,2021-12-03,2021-11-12,DOSGO,E03
H0912,2021-11-04,2021-12-03,2021-11-25,NGOHU,E03
H0913,2021-11-04,2021-12-03,2021-11-11,EENQU,E04
H0914,2021-11-05,2021-12-04,2021-11-09,EENQU,E06
H0915,2021-11-05,2021-12-04,2021-11-09,RTUTO,E03
H0916,2021-11-05,2021-12-04,2021-11-16,NCHRA,E01
H0917,2021-11-09,2021-12-07,2021-11-18,MEYRO,E04
H0918,2021-11-09,2021-12-07,2021-11-18,TTMBO,E03
H0919,2021-11-09,2021-12-07,2021-11-11,NODLI,E03
H0920,2021-11-10,2021-12-08,2021-11-16,OUTAR,E04
H0921,2021-11-10,2021-12-22,2021-11-16,FFEVA,E01
H0922,2021-11-10,2021-12-08,2021-11-12,NARHA,E04
H0923,2021-11-10,2021-12-22,2021-11-20,MAILA,E07
H0924,2021-11-11,2021-12-09,2021-12-16,RGSBE,E03
H0925,2021-11-11,2021-12-09,2021-11-20,NARHA,E03
H0926,2021-11-11,2021-12-09,2021-11-18,ATRAN,E04
H0927,2021-11-12,2021-12-10,2021-12-16,CORLA,E04
H0928,2021-11-12,2021-12-10,2021-11-25,LEDGA,E01
H0929,2021-11-12,2021-12-10,2021-11-19,ANKFR,E06
H0930,2021-11-13,2021-12-25,2021-11-25,PRDSU,E04
H0931,2021-11-13,2021-11-27,2021-11-26,CSURI,E04
H0932,2021-11-13,2021-12-11,2021-12-01,NAPBO,E07
H0933,2021-11-13,2021-12-11,2021-11-23,LATIS,E06
H0934,2021-11-16,2021-12-14,2021-11-19,HMSLE,E03
H0935,2021-11-16,2021-12-14,2021-11-25,LLIWE,E04
H0936,2021-11-16,2021-12-14,2021-11-25,EALGR,E03
H0937,2021-11-17,2021-12-01,2021-11-20,CTUCA,E07
H0938,2021-11-17,2021-12-15,2021-11-23,ICKQU,E03
H0939,2021-11-17,2021-12-15,2021-11-20,GAAMA,E03
H0940,2021-11-18,2021-12-16,2021-11-30,NAPBO,E07
H0941,2021-11-18,2021-12-16,2021-11-27,VEASA,E07
H0942,2021-11-18,2021-12-16,2021-11-25,GGCRE,E09
H0943,2021-11-18,2021-12-16,2021-11-26,BEVBS,E04
H0944,2021-11-19,2021-12-03,2021-11-20,TTMBO,E06
H0945,2021-11-19,2021-12-17,2021-11-25,RGKMO,E04
H0946,2021-11-19,2021-12-17,2021-11-26,FFEVA,E01
H0947,2021-11-20,2021-12-18,2021-11-23,BEVBS,E03
H0948,2021-11-20,2021-12-18,2021-11-26,DOSGO,E03
H0949,2021-11-20,2021-12-18,2021-11-24,TTMBO,E03
H0950,2021-11-23,2021-12-21,2021-11-30,GAAMA,E01
H0951,2021-11-23,2022-01-04,2021-12-15,CSURI,E09
H0952,2021-11-23,2022-01-04,2021-12-01,FKIAL,E01
H0953,2021-11-23,2021-12-07,2021-12-02,OUTAR,E09
H0954,2021-11-24,2022-01-05,2021-11-27,NODLI,E04
H0955,2021-11-24,2021-12-22,2021-11-27,LKOFO,E07
H0956,2021-11-24,2022-01-05,2021-11-27,AUSBL,E06
H0957,2021-11-25,2021-12-23,2021-12-04,LAAHI,E07
H0958,2021-11-25,2021-12-23,2021-12-04,EANOC,E07
H0959,2021-11-25,2022-01-06,2021-11-30,URLGO,E06
H0960,2021-11-26,2021-12-10,2021-12-16,LAAHI,E03
H0961,2021-11-26,2021-12-24,2021-12-07,EENQU,E07
H0962,2021-11-26,2021-12-24,2021-11-30,ICKQU,E07
H0963,2021-11-26,2021-12-24,2021-12-03,RIBFU,E09
H0964,2021-11-27,2021-12-25,2021-12-01,ECDSP,E03
H0965,2021-11-27,2021-12-25,2021-12-07,DWOOL,E06
H0966,2021-11-27,2021-12-25,2021-12-16,OPSCH,E04
H0967,2021-11-30,2021-12-28,2021-12-10,MSPTO,E03
H0968,2021-11-30,2021-12-28,2021-12-09,NSHER,E01
H0969,2021-11-30,2021-12-28,2021-12-07,MMICO,E01
H0970,2021-12-01,2021-12-15,2022-01-01,LIDBO,E09
H0971,2021-12-01,2021-12-29,2021-12-10,ANRFR,E03
H0972,2021-12-01,2021-12-29,2021-12-03,CORLA,E04
H0973,2021-12-01,2021-12-29,2021-12-04,CORLA,E06
H0974,2021-12-02,2021-12-16,2021-12-11,LIRSP,E03
H0975,2021-12-02,2021-12-30,2021-12-04,TTMBO,E01
H0976,2021-12-02,2022-01-13,2021-12-11,LAAHI,E01
H0977,2021-12-03,2021-12-31,2021-12-18,LKOFO,E07
H0978,2021-12-03,2021-12-31,2021-12-31,ISDMA,E09
H0979,2021-12-03,2021-12-31,2021-12-08,NSHER,E07
H0980,2021-12-04,2022-01-15,2021-12-25,LKOFO,E04
H0981,2021-12-04,2022-01-01,2021-12-10,NARHA,E01
H0982,2021-12-04,2022-01-01,2021-12-16,TTMBO,E03
H0983,2021-12-04,2022-01-01,2021-12-14,VEASA,E03
H0984,2021-12-07,2022-01-04,2021-12-11,VEASA,E01
H0985,2021-12-07,2022-01-04,2021-12-10,NGOHU,E03
H0986,2021-12-07,2022-01-04,2021-12-29,EANOC,E07
H0987,2021-12-08,2022-01-05,2021-12-14,STCEA,E07
H0988,2021-12-08,2022-01-05,2021-12-18,TTCRA,E03
H0989,2021-12-08,2022-01-05,2021-12-10,EDEQU,E03
H0990,2021-12-09,2022-01-20,2021-12-15,NSHER,E03
H0991,2021-12-09,2022-01-06,2021-12-15,ICKQU,E01
H0992,2021-12-09,2022-01-06,2021-12-11,EBITH,E01
H0993,2021-12-09,2022-01-06,2021-12-18,LKOFO,E07
H0994,2021-12-10,2021-12-24,2021-12-17,FFEVA,E03
H0995,2021-12-10,2022-01-07,2021-12-14,RICPE,E01
H0996,2021-12-10,2022-01-07,2021-12-18,ICKQU,E04
H0997,2021-12-11,2022-01-22,2021-12-21,LASLI,E07
H0998,2021-12-11,2021-12-25,2021-12-25,LZAWO,E07
H0999,2021-12-11,2022-01-08,2021-12-18,TIKOT,E06
H1000,2021-12-14,2022-01-11,2021-12-22,TTCRA,E03
H1001,2021-12-14,2022-01-11,2021-12-22,LKOFO,E03
H1002,2021-12-14,2022-01-11,2021-12-24,VEASA,E04
H1003,2021-12-14,2022-01-11,2021-12-16,ECRTH,E03
H1004,2021-12-15,2022-01-12,2021-12-28,ISDMA,E03
H1005,2021-12-15,2022-01-12,2021-12-18,LMKWI,E03
H1006,2021-12-15,2022-01-12,2021-12-23,EALGR,E03
H1007,2021-12-16,2022-01-13,2021-12-21,INIPR,E07
H1008,2021-12-16,2022-01-13,2021-12-21,NSHER,E07
H1009,2021-12-16,2022-01-13,2021-12-18,DOSGO,E03
H1010,2021-12-17,2022-01-14,2021-12-29,GGCRE,E03
H1011,2021-12-17,2022-01-14,2021-12-21,FKIAL,E03
H1012,2021-12-17,2021-12-31,2021-12-25,ANKFR,E01
H1013,2021-12-17,2022-01-14,2021-12-18,MEYRO,E03
H1014,2021-12-18,2022-01-15,2021-12-23,NODLI,E03
H1015,2021-12-18,2022-01-01,2021-12-28,NTGSA,E03
H1016,2021-12-18,2022-01-15,2021-12-21,OUTAR,E09
H1017,2021-12-21,2022-01-18,2021-12-28,NSHER,E09
H1018,2021-12-21,2022-01-18,2021-12-24,NEPLO,E04
H1019,2021-12-21,2022-01-18,2021-12-26,NCHRA,E06
H1020,2021-12-22,2022-01-19,2021-12-24,TIKOT,E03
H1021,2021-12-22,2022-01-19,2021-12-29,ICKQU,E03
H1022,2021-12-22,2022-01-19,2022-01-11,NARHA,E09
H1023,2021-12-22,2022-01-05,2022-01-01,BEVBS,E01
H1024,2021-12-23,2022-01-20,2021-12-28,STCEA,E04
H1025,2021-12-23,2022-01-20,2022-01-01,RTHWA,E06
H1026,2021-12-23,2022-01-20,2022-01-05,ANSFR,E04
H1027,2021-12-24,2022-01-21,2021-12-28,TTMBO,E01
H1028,2021-12-24,2022-01-21,2021-12-30,ENEKO,E03
H1029,2021-12-24,2022-01-21,2022-01-04,OPSCH,E04
H1030,2021-12-25,2022-01-22,2022-01-04,VEASA,E07
H1031,2021-12-25,2022-01-22,2022-01-01,VEASA,E06
H1032,2021-12-25,2022-01-22,2021-12-31,ITCWH,E03
H1033,2021-12-25,2022-01-22,2021-12-31,CSURI,E07
H1034,2021-12-28,2022-02-08,2022-01-04,DWOOL,E07
H1035,2021-12-28,2022-01-25,2022-01-01,PRDSU,E03
H1036,2021-12-28,2022-01-25,2021-12-30,ACDDR,E07
H1037,2021-12-29,2022-01-26,2022-01-04,DOSGO,E07
H1038,2021-12-29,2022-01-26,2022-01-07,PRDSU,E01
H1039,2021-12-29,2022-01-26,2022-01-03,NODLI,E01
H1040,2021-12-30,2022-01-27,2022-01-04,EALGR,E04
H1041,2021-12-30,2022-01-27,2022-01-05,OPSCH,E03
H1042,2021-12-30,2022-01-13,2022-01-08,MMICO,E03
H1043,2021-12-30,2022-01-27,2022-01-06,ECDSP,E04
H1044,2021-12-31,2022-01-28,2022-01-08,LZAWO,E04
H1045,2021-12-31,2022-01-28,2022-01-05,TTMBO,E06
H1046,2021-12-31,2022-01-28,2022-01-01,NDKWA,E07
H1047,2022-01-01,2022-01-29,2022-01-08,STCEA,E07
H1048,2022-01-01,2022-01-29,2022-01-07,TTMBO,E07
H1049,2022-01-01,2022-01-29,2022-01-11,URLGO,E03
H1050,2022-01-04,2022-02-01,2022-01-12,LKOFO,E07
H1051,2022-01-04,2022-02-01,2022-01-09,MAILA,E07
H1052,2022-01-04,2022-02-01,2022-01-08,NARHA,E03
H1053,2022-01-04,2022-02-01,2022-01-06,CCOPI,E03
H1054,2022-01-05,2022-02-02,2022-01-10,CTUCA,E07
H1055,2022-01-05,2022-02-02,2022-01-12,LAAHI,E07
H1056,2022-01-05,2022-01-19,2022-01-08,STCEA,E07
H1057,2022-01-06,2022-02-03,2022-01-08,RTSNO,E03
H1058,2022-01-06,2022-02-03,2022-01-11,AUSBL,E09
H1059,2022-01-06,2022-02-17,2022-01-11,CARRI,E03
H1060,2022-01-07,2022-02-04,2022-01-11,ANSFR,E03
H1061,2022-01-07,2022-02-18,2022-01-12,EALGR,E04
H1062,2022-01-07,2022-02-04,2022-01-15,GGCRE,E04
H1063,2022-01-07,2022-02-04,2022-01-13,NGOHU,E03
H1064,2022-01-08,2022-02-05,2022-01-11,VEASA,E01
H1065,2022-01-08,2022-02-05,2022-01-16,LASLI,E07
H1066,2022-01-08,2022-02-05,2022-01-11,ITCWH,E07
H1067,2022-01-11,2022-01-25,2022-01-13,ACDDR,E01
H1068,2022-01-11,2022-02-08,2022-01-19,EENQU,E07
H1069,2022-01-11,2022-02-08,2022-01-13,RTUTO,E01
H1070,2022-01-12,2022-02-09,2022-02-12,HMSLE,E03
H1071,2022-01-12,2022-02-09,2022-01-20,LASLI,E01
H1072,2022-01-12,2022-02-09,2022-01-20,NSHER,E04
H1073,2022-01-12,2022-02-09,2022-01-20,RICPE,E03
H1074,2022-01-13,2022-02-10,2022-01-23,MOBSI,E07
H1075,2022-01-13,2022-02-10,2022-01-23,CSURI,E07
H1076,2022-01-13,2022-02-10,2022-01-23,NAPBO,E04
H1077,2022-01-13,2022-02-10,2022-01-23,TTCRA,E01
